new_target,clean_translation
abaghari,blood
abalẹmaku,unbreakable pans of all sorts usually aluminum
aban,a u shaped metal used in floating timbers 
abaọnẹje,gossipmonger
abata,incompatible
abẹ,groin
abẹ,lower abdomen
abejufi,idleness
abẹn,grass with two sharp edges
abere,salutation for those playing or showing appreciation for great assistance as in well done
abẹtẹ,room
abẹtẹ,store room
abẹtẹ-ogho,bank
abẹtẹ-ogho,treasury
abiba,long woven mat
abibẹ,peelings
abidi,indicating the first three alphabets of the autography abd
abikpo,underneath of a bed
abilọpbilọ,gecko specie
abinọrire,holiness
abitọn,bride
abiuse,menstrual pain
abiuse,cramp
abiyari,part of the human chest wall underneath the upper arms
abọgban,hypocrite
abọgban,dubious in character
abokundo,mixture of salt fresh water
abokuroli,inferior
abokuroli,substandard
abọnẹje,backbitting
abragidi,fake
abragidi,unpleasant
adagba,store
adajẹ,innocence
adakadeke,hypocritical
adan,a bat as in the animal
adẹ,fishing
adigbẹngbẹn,mutilated maize
adikọ,the hind part of the human head
adogan,a type of metal hub not standing on a tripod
adumu,mystical aquatic giant
aduwanran,mystical terrestrial giant
afaa,purify
afanghan-urẹn,awl
afarajẹ,imitation
afarajẹ,resemblance
empty,empty
ubuufẹẹn afẹẹn,empty space
afẹfẹyẹyẹ,a speed boat
afẹfẹyẹyẹ,outboard engined boat
afẹn,albino
afẹrun-debo,one who probes
afẹrun-debo,search or query
afiala,tent
afika,eagle
afọju,a blind person
aforidan,ring leader
aforidan,inciter
aga,chair
agada,between the legs
agan,a barren person
aganna,chameleon
agigan,termites
agişifi,handkerchief
agi-sisun,reclining chair
agọ,camp
agua,impure
agua,defiled
agua,unclean
agura,star
agutan,sheep
agutan-ogbin,barren ewe
agutan-ọkẹrẹn,ram
agutan-ọṣẹre-obirẹn,ewe lamb
agutan-ọṣẹrẹ-okẹnrẹn,ram lamb
agutan-ọsọn-ro,mutton
agutan-ọya,whether or wedder
agutan-ti-ogbefun,as in a pregnant lamb
agutan-ti-orọbi,lambing
agutan-ti-orọbi,birth of a lamb
aja,town
aja,a community
aja-kaja,any or all town communities
ajagba,a type of musical instrument as in sistrum
ajako,grasshopper
ajẹn,sorcery
ajẹn,witchcraft
ajigan,giger
ajigba,name of a town
ajijalala,window shutter
ajilẹn,cranium
ajilẹn,skull
ajo,sympathy
ajogun,a warrior
ajọ,gathering
ajọnẹsẹ,head lice
aka,wire grill for smoking fish
akaba,stool
akala,vulture
akana,sugarcane
akaghan,sea fireflies producing light
akanfọ,camphor
akantin,a deaf person
akapa,pant
akaraba,a kind of bird
akarikaka,a kind of bird
akatọ,forehead
akẹrẹghẹ,a fishing gear
akidọ,monkey
akikan-ịjẹnẹkpo,paw of a tiger
olugba ma kpe wun akikẹnrẹn,to despise or disregard oneself
akikọ,immature snail or a small snail
akisa,rags
akoba,incriminating
akọ,groove
akọ,corrugation
akọbi,first born
akọbi,eldest child
akode,cloth rack
akọkọ,to reject or refuse
akọri,neophyte
akọri,beginner
akoto,combination
akuara,a eunuch
akuara,impotent male
akpakara,beetle
alabara,parrot
alala,a type of dance for women
alari,sickness
alari,rheumatic pains
alawari,megaphone
alawari,sound system
alawari-ẹgho,television
ale motori ro gba kpukpu ulesun,the friend or lover for whom i wear my beautiful head tie
alẹ,ground
alẹ-aja,earth
alẹọgua,disciples
alẹọgua,apostle
alẹbẹre,turbulent weather alẹpẹre ko kpa
alẹ-guọ,twilight or dusk
alẹọkọ,floor of a canoe
alẹọkọ-emí,core of the mind
alẹ-urọn,ailing
alẹ-urọn,poorly
alẹ-urọn,sick
alika,flies
alika-udẹ,golden flies
aligbagba,red earth used for smoothing mud houses
alikun,the smaller piece of the women two piece cloth
aliomi,underneath the water
aliomi,bottom
aliọkọinọ,conscience
aliọkọinọ,the innermost part of mind
dí ọşe alọ,demand special attention
alọgua,attendant
alukpẹrẹ,he goat
ama,clay used for sculpture and moulding pots and jars
ama,superstitious
ama,put a ted to charm
amajẹ,idol both wooden and moulded
amaran,black clothes worn for mourning
amakaşe,angel of the lord
amẹ-ẹwọ,palmer creases
sign,sign or mark
mo sin amẹn ni,i have placed my mark on it
amẹn-oriṣe,mole
amieṣen,footprints
amima tioma ẹgbon,the weed that sticks to he goat
amimẹ,lightening
amimẹ,something flashy
eju- ọjọ da-amimẹ,there was lightening
amiokun-ọnẹ,praying martis
amọran,a person who assumes to know much such person is usually described amọran ma wa ukpe
amọọre,cheers
amọọre,shout of applause
ana-ọbọnmanju,a day after the market
aninọ,mercy
aninọ,passion
anọ,shame
anọkan-dugbo,solitude
anọmumu,shame
anọmumu,disgrace
apian,sail
apian,used for navigation
apianpian,a bird
ara-ẹnẹ,one own self
arami,myself
arami,my body
arali,wall of a building
aramumuni,a state of mourning
aran,intestinal worm
ararirọ,sad
ararirọ,depressed
aratita,pride
aratita,arrogance
aratutun,peaceful
arayiọn,happiness
arayiọn,happy
araghan,themselves
arariri,disgust
arema,innocence
arema,unintentional
arema,accidental
arene,deprive
arene,dispossess
arenẹ-aruka,numerous
arenẹ-aruka,several
arẹẹn,an obsolete metal object for shaving
aribara,porch
aribara,veranda
arìgala,protector
arìkpẹ,red earth
ariran,wood work for partitioning and supporting width of a canoe
arira,ants
ọ tọn arọ,short stories
arugha,to be contentment
aruka,count
aruka,number
aruka,quantity
arun,mouth as in part of the body
arun-aja,the mouth piece or spokesperson of a town
arun-ẹyan,nipple as in part of the breast
arun-ọyẹ,goose flesh
arun-omi dede jọ,the people have gathered
asakpa,walnut
asere-urunọbọn,a preparatory day to the market day
asikọ,hiccup
ọ sọ mi asọ ukpẹn,scornful words spoken in relation to another destiny
asungbowola,one who sleeps a lot
ata,alligator pepper
ataan,plantain
atako,heavy thorn club
atan,shoal
atan,sandbank
ereatagbe,an association without fun
atẹ,shelve for displaying wares
atiẹsẹn,human sole of the foot
atìẹwọ,palm of the human hand
atìtan,refuse dump
atitẹ,locally made tray from bush cane
atìmakasa,antimacassar designed clothing for covering gift items
atọ,semen
atọ,sperm
atu,grassland
atukọ,revision
atukọ,to revise
awanran,weather condition
awara,jellyfish
awawa,tree harack
awawa,an animal
awe,dragnet
awe,a fishing gear
aweleyi,solitude
awẹ obi,cotyledon of a kolanut
awẹrẹwẹrẹ,chase evil spirits
ayaa me,mistress
aya,write
ayade,local lancet
ayade,flintknife
ayami,my wife
ayama,fish fencing to trap baits/fish
aya-ọlọkọ,a married woman
aya-oma,house wife
aya-sisin,ex-wife
ayẹ ma laju di ogbẹn ẹkpo,abundant kindness may become a burden
mee nẹ ayẹ,i am not available
ayini,handcuff
ayinmu,thinker
ee ti ayinọ-ro wa,not done willingly
ayiri,to praise
ayiya,centipede
ayọọ,to pull
ayọ,wire
ayọ,string
ayọba,king wife
ayọkpẹ,wire like fibres from raphia palms
ayọn,enjoy
ayọnfọ,persuasive
ayọnfọ,convincing words as in sweet words
ayọnrun,sweetness
ayọnrun,pleasures of life as in living an extravagant lifestyle
ayọ-ọtọn,daughter in law
ayughẹ,sluggard
aşaghaşa,ruffled feather found in some fowls
aşaka,stinging ant
gba aşan gbẹ,to whip
aşeginregin,stick insect
aşeghan,public observation
aşejuẹri,an ambassador
aşemeji,double dealing
aşeti-uliwa,homework
mo gba aşe,i have the authority
aşigidi,idol
aşigidi,image carved or moulded
aşişan,umbrella
aşişaşọ,rags
aşọ,cloth
aşọegungun,butterflies
agha,fish
aghaa,plane as in wood
aghan,they
aghan,those
aghan,you all as in group of people
aghan-do,greeting to all as in collective greetings to a group of people
aghara,decoration
aghara,to beautify
agharo,seacrab
aghẹrẹghẹrẹ,iguana
aghẹrẹghẹrẹ,crocodile family
aghighọ,guitar ray fish
aghọ,colour
aghọfẹn,a palace
akpa,a fool
akpara,thunder
akpadiden,insect bats
akpakpa şi di a ma ọlẹ gua,it is in the harm at tan season true beauty is recognised
akpakpasimaga,scorpion
akpalakpa,juju ascribed to the people of abigborodo
akpalẹ,neighbourhood
akpalẹ,surrounding
akpaluse,a sitting stool
akpamaku,unbreakables
akpamaku-ikarasin,container for parrafin
akpasa,sackcloth
akpasa,raphia woven cloth
akpata,trumpet
akpata,harp
akpatẹ,a male business guru
akpatẹ onọbiẹn,a female business guru
akpagbo,monkey nuts
akpagbo,unshelled ground nut
akpebuwanjẹ,tongue twister
akpẹn,portion
akpẹn,partner
akpẹn,divide
akpẹn,share
akpẹkpẹ,an alter for sacrifices
akpẹligboşbite,seventh generation
akpẹrẹ,basket
akpofi,one who suffers from yaws
akpomajẹ,metal storage basin with cover
akpuja,appellation
agba,elder
agbadidi,small drum played under the arm
agbagba-inọ,spleen
agbagba,cross
iposi wi agbafua,the cat is in the ceiling
agbagi,slasher for weeding
agbagi,flat iron
agbala,large clay pot for cooking potash
agbakara,crocodile
agbali,one who sweeps
agbamudu,strong
agbamudu,courageous
agbanlẹ,lower jaw of human
agbanringban,horsefly
agbekana,soup from previous day
agbiwariwa,madness
agbibara-uwangue,used idiomatically for a mad person
agbeniọnẹara,calumny
ọla-agbẹdẹ,a mechanic
agbẹdẹ-owunaja,literature
agbẹẹrẹn,pepper fruit
agbẹsẹn-gbirọn,wanderer
agbẹsẹn-gbirọn,nomad
agbigbẹn,speck
agbigbẹn,small piece of dust
agbiowum,microphone
agbighogho,open teeth
agbighogho,diastesis
agbighogho,either central or elsewhere
agbibẹẹn rẹ da mi,been longing to see you
agbirangban,goatee bearded person
agbo,herbal mix for medicinal purpose
agbo,treatment for malaria
agbọn,postnatal discharge
agbọfọfọ,an interpreter
agbọfọrẹn,rumour monger
agbọfọrẹn,tale bearer
agbọnẹmọna,a pilot
agbudufie,snappers fish
agbuke,hunched back
kpẹn wun agbura mẹẹrẹn,split in four pieces
mo ba,i met him
ra baa,i met him
baba mi,my father
wo ka babara aya rẹ ni inọ ma bi,you should caress your wife when she is angry
datu baari ọfọ we,repeat your words
uku baare,i reject death
ọfọ we bajẹ,the discussion is ruined
bala omi we,scoop the water
bala-bala,dawn of the morning
osunsun balakpata ni ukpo,he is lying supine on the bed
bangoro,bangle worn around the wrist
jedi a bara ni ẹju ma,let us meet tomorrow
barabara,superficial
basẹn,fashionable
uṣe ro ee bejuju,his behaviour is not appropriate
bejukpa,appropriate
bejukpa,something right in one sight used interchangeably with bejujọ
bejuto ara rẹ,take care of yourself
bẹ,shine
ma bẹbẹrẹ arun  gin gẹrẹ,do not make crooked statements be honest
bẹẹ,beg
bẹẹlẹ,to cut transversely
bẹẹ-rọnrọn,sparkle
bẹkẹbẹkẹ,unstable
bẹkẹbẹkẹ,wobbly
bẹlẹbẹlẹ,can a lilyleaf
bẹlẹkẹbẹlẹkẹ,indecisive
bẹlẹkẹbẹlẹkẹ,dilly dally
bẹẹrẹbẹrẹ,close range
bẹẹrẹbẹrẹ,hairs breadth
bẹẹrẹẹ,severally
bẹẹru,fear
bẹwa-bẹrẹ,meander
bẹwa-bẹrẹ,ramble
mo bi ogho mi,i demand my money
bima ara,shift as in come closer
o biọma ọnọkẹnrẹn,she gave birth to a baby boy
ọlẹsẹn tio bian,bent legs as in knock knees
mo biara,i gave way
bibiyẹyẹ,common
jẹdi omi we sẹ bilọbilọ,let the water be lukewarm
bile,sitconspicuously
mo gba ide bini orusun,i exchanged crayfish for yam
de mi bi ẹkun we ni?,close it
binọ,open
biobio,moist
ọsa biri ore,father and mother
emi biro wa re,i will go with him
eju ọjọ de birikiti,he is clothed gorgeously
biribiri,missiles
birọ ke,ask now
urun dede yidẹ birọlaghawe,presently things have changed
eju mi ka şe bisibisi,his eyes were dim
bo,peel
bobo,distance
bobo-okun,scallop sea shell
bobo-okun,clam
mo bẹ ara mi boboro,i scratched myself and peeled off my skin
bogidijẹ,variety of places
bokọ,how do you do
bokubo ee dọn mi,it hurts no where
ara mi dede tun bolo,i at peace with myself
bọaragbe,disengage
mo bọghọ udangho,i passed my exam
ẹja we bọghọ-ọsa,the fish is stale
mẹnẹ  meji bọlọlọ,one plus two is much
bọmọ,flog
bọmọ,beat
bọọ,cover
bọọ,cut
bọọ,disconnect
ọşibu bọrọbọrọ,he fell flat on the floor
bọrọọ,rub
bọsi,drop down
bọsi,cross over
bu,cut
buu,abuse
buu,curse
bu-aşọ-gbe,the act of a cock wooing the hen
buburu,misconduct
bujẹ,bite
bulara,pride
bule,en masse
bule,all together
buru,rascal
buru,rascally
buru-ẹgua,ugly
buru-ejorun,restless while sleeping
burukun,wickedness
burukun,defective
da omi nọ,pour out water
mo fẹ da irọn mi,i want to cut my hair
enẹ da utọn rẹn le,we went across the stream
o da ni ujere,he was defeated in the fight
daan,random
ojẹ mimi dadagin o rita se,he eats raw food how much more the cooked ones
daẹnẹju,aware
daẹnẹju,sure
damieju,aware
damieju,sure
daju,insult
dakun,kneel down
ọmẹren ghan ka dakpara,these youths misbehaved
damasoko,damask cloth
dan,mix shuffle
an rin dandan wen şe,he firm stood his grounds rebuking others
dandandan,firmly
dandandan,superlative degree of dandan
dani,hold
dagbodagbo,epidemic
dawadare,dilly-dally
de mi,wait for me
de ololo we,cover the bottle
de-ara,defend
de-ara,protect
aghan dede,all of us
mo degin ni gba fọfọ we,with humility i say these words
deghedeghe,atmosphere
deghedeghe,suspension
deghere,distinctly
deghere,conspicuous
dekpa,sealed
wo fẹ delemọ?,do you want to commit murder
egbele tio deọba,the brooding hen
a dero dede lọ rẹn,the plan has been concluded
deọkpa,decoy
deọkpa,trap
deọkpa,trick
deọkpa,entice
me tete desinrin,i could not recognize him immediately
wa da re ra dẹ,let go fishing
dẹẹn,fry
dẹbo,probe
dẹbu,bend down
dẹde,capsized
dẹde,upside down
dẹdọn,worry
dẹdọn,panicky
dẹẹle,follow secretly
egin dẹfi ọna,a tree has fallen across the road
wo ka dẹkọ gbẹ ẹ,you have to
dẹle,tip toe
o ro aşọ to dẹn,she or he has a red clothing
ẹyẹn we dẹn rẹn,the palm bunch is ripe or mature
dẹndẹn,slowly
a dẹre gbẹ mi,i ve been acquitted
dẹreke,but
dẹreke,however
dẹreke,conversely
dẹrekede,but
dẹrekede,however
bẹmi dẹre ilọlimi,please watch over my house
dẹşẹ,sin
oka dẹsi gbagidijẹ,he revolved several times
dẹtukẹtukẹ,prawl
dẹtukẹtukẹ,lie in waiting
dibo,secret vote
dibo,cast lot
didẹn,red
digara,insult
din ma ara,tie together
din ololo ekpo we,cover the palm oil bottle
dinẹwọ,miserly
dinma,embrace
dinma,hug
a gba arun şişan dinoko re ọbọn,you can not place an order by word of mouth only
din-agban,foodstuff tied to plants with the belief that the plant will produce abundantly
dira tiẹnẹ gba bara,tell me what time we are meeting
ditẹn,deride
ditẹn,scoff
ọfọ rẹn ka dinwondin,he was dumbfounded by what he heard
afika dosin,the eagle flew to the left
uku ee dọjọ,death keeps no appointment
mo dọkpe ayẹ,i am grateful for your kindness
dọlọ,money
dọlọ,mostly applicable to coins
ubo dọn ekeregbe,the goat is in
uwangue ee dọn ọjẹ we,no sufficient salt in the food
dọran,lay blame on
dọran,accuse of
dọtọn,rightward movement
ma dubẹru sin mi,do not frighten me
dubodubo,grapevine
ee-ba,did not meet it
ebi kpami,i am hungry
ebinọ,anger
ebinọ,annoyance
ebirẹn-okpo,widow
ebisini,bangles
eboribo,cloud
ebubu,abuse
ebubu,curse
ede rẹn! eyi urun,what a surprise unbelievable
edenioyibo,an exclamation literally what has happened in the whiteman land
edin a mu ẹ,let the edin cause you blindness
efi,coal
efin,material from raphia fonds for weaving mats
efirị,plant ocimum virides
efo tiọla  gbe ilọlimi gbẹ,the flood of yesterday carried away my house
ọtọn mi gba efun,my daughter is pregnant
egidijẹ,xylopia spp cooking spice
egin,tree
egin,woods
egin-ara,body frame work
egin-ara,stature or built
egin-ẹyiyi,camwood
eginjijẹ,chewing stick
egin-ikpẹkpẹ,shrub at river coast or bank
egin-ọlegin,an idiot
eguere,blood relationship generally
egue,ailment related to a pregnant woman and believed to affect other members of the family especially children
eguiguo,pieces
eguiguo,crumbs
egungun,a fairyor evil spirit
ti ẹsẹ ti eguo,both young and old
ejeni,engine
ejiko,long woven mat usually folded in two
ejikoto,body cream
eju-ofi,athlete foot
ejorun kọn mi,i feel sleepy
ejunini,bold
ejunini,boldness
eju-okan,same
eju-okan,identical
eju,eye
ebirẹn aghan ka fẹ ejuayẹ ọkọ?,women seeking husbands favour
diobi ka kpa ọle ejufi,there is no food for the idle
ejukoko,willful
ejukoko,strog headed
ejukokoro,extremely greedy
eju-gbada,ashamed
eju-gbada,abashed
eju-gbada,bare faces
ejugho-ejuşe,out of benevolence
ejuliuwa mo kele lẹfun,i am from a wealthy lineage
ejuma,tomorrow
ejumọtạn,queen ant
eju-oghori,abnormal
ejuogho,cowries
ejuọjọ o wun a şọn gba de ipanama,it is the weather that dictates the hat one wears
ejunini,callous
ejunini,emotionally hardened see
ejurirọ,softness
ejurirọ,compassionate
ejuriri,prophesy
ejutita,bad mood
ejutita,feeling of hurt pique
ejuwẹrẹ,same type
eju-ghereke,squint
eju-kpikpo,oppression
eju-kpikpo,tyranny
eju-kpikpo,cruelty
eju-gbigbo,bold
eju-gbigbo,audacious
ejukiko,drowsiness
ejukiko,dizziness
me fẹ eke,i do not like to quarrel
ekere,sail
eko akana rẹ şe egua ro,it is the nodes of the sugarcane that make it beautiful
eko-ẹwọ,wrist
eko-ẹsẹn,ankle
ekoro,medium size
ekuara ogolo owun wo so,the produce of the pepper plant is determined by its stature
ekun,false
ekunkubọ,excess
ekutele,rat
elebẹ,black small fish seen around september
eleko-ira,period of time
elilọọbẹ,the soup spices
emi,myself
emi-mama,regret
emi-mama,remorse
eni,elephant
ọtọn mi şe ere ju,my child play too much
ere ma laju dio gbẹn ẹkpo,too much profit can tear the pocket
eregbe,raphia palm fruits
ere-ọlẹgua,colourful woven bulrush with designs
erebeni,ribbon 
ere-alẹ,good evening
ere-ọbọn,welcome from the market
ere-ọsọn,good afternoon
ere-ọwurọ,good morning
eri,dew
erirl,dirt
e-rin,elephant
ọbite ero,water font for ferring passengers
erogho,mud
erubogun,ashes
erubọ,welcome
eruku omi,muddy water
esan,bad
esan-sisan,very bad
esan-sisan,abysmal
ee-yo,response to an appellation or apuja
ese,manatee
ese,sea cow
esin,pig
esin-ọkẹnrẹn,boar
esin-ọbịrẹn,sow
esin-ọya,hog
esin-ọşẹrẹ-ọkẹnrẹn,boar
esin-ọşẹrẹ-ọbịrẹn,gilt
esin-ogbin,barrener
esin-ti-ogun,service
esin-ti-ogbefun,in pig
esin-ti-orọbi,farrowing
esin-ọtọn,piglet both male and female
esin-ọşọn,pork
eso-egin,fruit or seed of a plant
esoko,fruits from raphia palms
esoko,both poisonous and edible type
esughu,coral beads
esusu,eroded heap of floating vegetation
esugbe,squirrel
etin,ear
etin-arun,boast
etin-arun,brag
etin-eri,river side
etin-eri,river bank
apprise ,apprise
etin-ẹyin mo şe gbẹrẹ we,this is to apprise you
eturẹ,worthless
eturẹ,substandard
etun-ọjọ,cool weather
ewe yiee ye mi,i do not understand this method
ewe-ọfọ,example
ewe-ọfọ,explanatory words
ewekewe,variety of methods
mo ba birieworiwo,i met him naked
ewuru,silver bangles
eyiwe wumi ju ẹrẹn,i prefer to the other
eşe,ancestral worship
eşe,ritual for unholiness
eşu,devil
eşin,pawpaw
eghaghigha,unavailable
eghemẹ,jaw
ekpe,curse
ekpetin,box
ekpikpo,bark
ekpikpo,skin
ekpiyẹ,fish tilapia spp
ekpo,palm oil
bark ,bark of a tree
ekpikpo or ekpukpo-araro sengua,the skin is fine
egbe ẹja won ra,she or he bought a rotten fish
egbegbe,neighborhood
egbegbe,surrounding
aghanbọpọ ka jẹ ẹgbẹje ro,some of you are acquiescent
aghan dede ka jẹ egbejẹ,all of them concurred or agreed
egbeke,shoulder
egbekẹtu,captain manning each row of paddlers
egbele-ọkẹnrẹn,cock
egbele-ọbịrẹn,hen
egbele-ọsẹrẹ,cockerel
egbele-ọsẹrẹ,pullet
egbele-ti-ogun,mating
egbele-ti-oyẹn,in lay
egbele-ti-o-ode,brooding
egbele-ọsọn,poultry
egbele-ọsọn,chicken
egbele-orişe,raven
egbe-eyiwe,type
egburu,eight yards wrapper sown four yards up and four yards down
ẹbalẹ,priestess who purify homes
ẹja kọn ẹbe,the pond is full fish
ẹbẹ,porridge
ẹbi,family lineage
ẹbo,woven sack
ẹbobo,surprise
ẹbobo,exclamation
ẹbori,headache
ẹbọ,sacrifice
ẹbọlẹbọ,almond tree or seed
una ẹbu owun a gba sọn ẹwo,special fire for baking moulded clay pots
owi ẹbu ole ghan,he is among the thieves
ẹbubu-usin,starch segment
ẹbuşenọ,thankless
ẹbuşenọ,ingrate
ẹda,re-incarnate
aghan şe ẹde ju,you keep so much secret
ẹdeju,harm
ẹdeju,havoc
ẹdegberọkọ,dereliction
ẹdẹ tia ruu uşẹ ira ubeji,the ubeji people are experts in fish fencing
ẹdẹn,type of salt water fish
ẹdẹnma,gentleman
ẹdẹrẹgua,eczema
ẹdẹrẹgua,freckle
ẹdigbuku,accident
ẹdigbuku,sudden
ẹdigbuku,emergency
ẹdodo,curlew bird
ẹdogho,peer appropriate joke deemed expensive
ẹdọn,chest
ẹdọn-dida,fearful
ẹdọn-dida,fright
ẹdọnfiele-fiele,panicking
ẹdọnkirimẹ,fearless
ẹdọnkirimẹ,courageous
ẹdọn-ọsa,point where both ebbing and full tide meet
ẹdukuli,backyard
ẹfa,sixth ordinal number
ẹfan,hard back
ẹfan-ekpede,arrow made from hard raphia palm frond
ẹfifo,empty
ẹfo,empty
ẹfofo,emptiness
ẹfooro,secret
ẹfọ,vegetables
ẹfun,white chalk
ẹfun,kaolin
ẹfufu,cockade
ẹfufu,feather worn on a hat-plume
ẹgan,the magical scepter through which ode-itsekiri was founded
ẹge,well
ẹgedege,storey building
ẹgege,a spot clearly designated with baits to attract fishes
ẹgele,pellets or bullets
ẹgerifo,door post
ẹgerifo,front entrance to home
ẹgo,vagina
ẹgodi,hawk
ẹgogo,a specie of tree whose bark is bitter
ẹgogo,used as a chewing stick
ẹgua,beauty
ẹguadẹn-ọrẹn,seventy
ẹguale,snakes
ẹguede,needle
ẹguen,a dance peculiar to the use le people
ẹgungun,alligator
ẹguọ,teenager
ẹgusa,half sibling
ẹja,fish
ẹje,sea shell
ẹje,conch
ẹjẹn,blood
ẹjẹn,
ẹji,teeth
ẹjoji,stranger
ẹjoji,visitor
ẹjolo,a family of lobster
ẹjo,case
ẹjo,dispute
ẹjogbi-gba,case judgement
ẹjuofi,scars left after yaws attack
ẹkede,a day set aside for ancestral worship
ẹkelu,wrestling in water
ọlu wi ẹkete,the king is on the throne
ẹkere,frog
ẹke,side
ẹkẹnrẹn,male
ẹkẹnrẹn,masculine
wo ka kani ẹkiko ọna kele bogho,walk by the side of the road
ẹkobi,a conical shaped fishing gear
ẹkoko,buttocks of human
ẹkoko-ọfọ,important matter
ẹkokoro,wasp
ẹkoro,hat
ẹkoro,cap
ẹkọ,teach
ẹku,hamlet
ẹkufi,dilemma
ẹkufi,debacle
ẹkunkubo,surplus
ẹkun,door
ẹkun,shutter
ẹle,betting
ẹlẹdion,bet
ẹleku,a specie of tree used in building works
ẹlete,hubris
ẹlete,over bearing pride
ẹlolo,lagoon
ẹligbo,elderly
ẹligbo,aged
ẹligboe-eri,drizzling
ẹligboe-eri,that the aged can not see
ẹlu re jẹẹlu  lẹlẹjiọma-alọ,ẹlu is ẹlu while leleju is a pet cloth
ẹluju,grassland
ẹlugbogbo,cudgel
ẹlugbogbo,sledge
ẹmi,soul
ẹmififen,holy spirit
ẹmifirifiri,aroma
ẹmi-ọkan,a person at the point of death
ẹmu,arrests
ẹmumuna,fire fly
ẹnẹ,we pl
ẹni,mat
ẹpele,draught
ẹpuru,food type made from cooking yam and pepper soup together
ẹran,animal
ẹran,meat
ẹran-oko,bush meat
ẹran-ọsẹn,domesticated animals
ẹranrìro,contempt
ẹranrìro,disdain
ẹre,atmosphere
ẹrede,suspend
ẹrefan,uncircumcised
ẹrema,a nursing mother
ẹrẹ,sin
ẹrẹghẹn,sacrilege
mo fẹ ẹrẹn we,i want that one
ẹrẹnbo,camouflage
wa da re ẹri,let us go fishing in the river
ẹrie,escape route
ẹrifo,door post
ẹrifo,gate
wave ,wave
ẹrịjijarin ọkọ ni ugborodo,the wave capsized a boat at ugborodo
uku tio kpa ẹja wi ale-omi  ẹrịko gba ọsa niodo,what kills the fish is under the water while the float is on top
ẹrin,laughter
ẹrin ọghọ nigeria,nigerian national anthem
ẹrin-oro,dirge
ẹrin-oro,funeral song
ọro ju ẹriro,it is bitter than bile
ẹro,boast
ẹro,vaunt
ma gba mi gba ẹrogbo,do not play pranks with me
ẹrọn,kernel
ẹru,slave
ẹrubiba,fear
ẹrun,load
ẹrun-run,dry season
ẹrun-una dudun,black ashes or charcoal
ẹsete,plates
ẹsẹri,mat woven from raphia materials
ẹsẹn,leg or foot
ẹsẹn-efa,insects
ẹsẹn-ẹjọ,arachnid
ẹsẹn-ayẹ,fortune
ẹsẹn-ayẹ,good luck
ẹsẹn-uli,address
ẹsẹn-uli,abode
ẹsi,order
ẹsi,law
ẹsi,policy
ẹsimogo,a shrub whose leaves are used for pepper soup
ẹsingba,rhizophora racemosa
ẹsin,destiny
ẹsin-ugbo,an island in the midst of swamp along the river
ẹsọ,iron tripod cooking stand
ẹsu,bone
ẹsu-iyara,rib bones
ẹtan,animal
ẹteşe,mask or head dress
ẹtẹ,disgrace
ẹtin,support
ẹtoni,plant spp used for okere juju whip
ẹtu,antelope
ẹwayẹ,access
imila oba ma bi meeji ẹwero oba re wọ,it is the oba luck if his cow farrows a twin
ẹwẹlẹ,side
ẹwima,palm leaves
ẹwo,local clay pot
ẹworuli,salt
ẹwosin,left hand
ẹwọ,hand
ẹwọ,once
ẹwọ,one strike
ẹwọtọ,right hand
ẹwọ,one that brings fortune
ẹwu,shirts or blouses
ẹwu-ẹmi,a typical itsekirishirt
ẹwuru-go,a pet name for female folk
ẹya,grand child
ẹyan,breast
ẹye,world
ẹye-bolo,paradise
ẹye-bolo,peaceful life
ẹyere,brain additive
ẹyẹ,palm fruits
ẹyidẹ,embrocation see oriegin
ẹyinbisorosi,spigelia spp
back ,back
eju ee ri ẹyin,the eyes can not see the back
ẹyin-ẹ,end of life
ẹyiyi,camwood
ẹyo,draught
ẹşẹ,sin
ẹşẹ,abomination
ẹşi,horse
ẹşi-so,sack
ẹşonro,long spear
ẹgha,raphia frond use in fencing
ẹghan,pillar mostly used as substitutes for foundation
ẹgharegbe,light skinned complexion
ẹgharẹ,ancestor 
special,special day
ọjọkan re ṣe ẹgharẹ -ọjọ,there is usually a special day
ẹghẹn,eggs
ẹghẹn-una,amber part of fire
ẹghẹrigho,smoke
ẹghẹ,favorite wife
ẹghighọ,sacrilegious
ẹgho,the horn of an animal
ẹghologbin,empty shell
quarters ,quarters
ikẹnẹ kun ẹghoro rẹn,each person belongs to a quarter
ẹghoro-muọgọ,problematic
ẹghọ,hooks
ẹkpa,antidote
ẹkpalẹ,vicinity
ẹkpan,testicle
ẹkpe,burden
ẹkpẹ,blister
ẹkpetin,box or boxes
ẹkpẹ,large clay pot with a wide opening for storing water
ẹkpẹ,tiger
ẹkpẹtu,trouble
ẹkipkpomẹ,trouble
ẹkipkpomẹ,difficulty
ẹkpo,pocket
ẹkpo,bag
ẹkpo,haversack
ẹkpokpo,empty
ẹkporo,ramshackle
ẹgba,evil
ẹgbede,needle
şọn ẹgbegbe ghan,look at the surrounding
ẹgbele-meji,middle
ẹgbele-meji,central
ẹgbelemeeji-egua,balanced
ẹgbelemeeji-egua,medium
ẹgbẹ,stroke of luck
ẹgbẹ,sore
ẹgbẹ,rabbit
ẹgbigben,longed for
ẹgbighogho,open teeth
ẹgboro,echo
ẹgbura,percentage
ẹnẹsuuno,loud cheer during singing or other occasions meaning are we sleeping see response ẹnẹ-suun-ọ
ẹnee-suun-o,we are not sleeping
ọmatie rẹn far rẹn,that child wants to crawl
faa ọkọ we dio ma gun oko,pull the boat backward to avoid running into the bush
falafala,thin
fan,to blow into fire
orun meeje owun a gba fan ọma,circumcision is done on the seventh day
falẹ,delay
falẹ,prolong
falẹ,drag on
famara,draw to one self
famara,bring closer
fanghan,twist
ojẹ fanran mi,i got choked with my food
ọmẹ we wo ka farabalẹ,this child you better behave
faarẹyin,astern
faarẹyin,at the back
fari,wrap
faraşi-ẹyin,lag behind
faragbẹ,withdraw
eyifawa bokọ sin,what a misfortune
mo ka fe kuri ọwurọ-ọwurọ ra to ale,i fasted all day
nikọ rẹ şẹ ẹ tiwo gba mi felefele?,why are you panting for breath
wo ka fẹ ọfọ ere ju,you like playing too much
fẹẹ,belch
guẹ ẹsete we do fẹn,wash the plates clean
fẹnẹ,scrutinize
fẹnẹ,examine
fẹẹrẹgẹnẹ,without blemish
fẹẹrẹ abitọn jusẹ,swiftly the new bride goes on errands
fẹọfọ,admire
ubu fẹẹ-rẹn,a game fẹnrẹrẹn is 
ifẹniyẹn tan fẹnẹfẹnẹ ni uşa,the tapioca is finished completely inside the pot
fẹnmi,swallow
fẹnrẹnrẹn,plain
fẹsẹn,select
fẹghẹ,light-weight
fẹghẹ-ara,smartness
fii,beat
fii,smack with cane
fialẹ,investigate
fifẹmo fẹ,i love you
fifẹn,colour white
fieghefieghe,unstable
fielefiele,panting see
finọ,complete
wo ma riọma gba wa di wo fintomi,when you see the chap coming you will admire him
firi,preserve
firi,to preserve by salt
firi,cure
flagrant,flagrant flavour
işanni rẹn ka run firifiri,the perfume has sweet smell
firi-mia,jiffy
firi-mia,twinkling
finrinfinrin,smallish
finrinfinrin,diminutive
finrinfinrin,meagre
mo fo omi da,i jumped over the water
ughogho di o ka fo ni omi,the gourd floats on water
omi fo ilọlimi,my house is flooded with water
fofo ikun kiriẹju mi mo biẹ,please blow out the dirt in my eye
fogho,light weight
forijẹ,own up
forijẹ,admit
forijẹ,agree
foto,photograph
fọ ọfọ arun rẹ,speak on
mo ka fọ inọ tan gbẹ,i confided in him
fọọ,split
ebirẹ n ghan dede ka fọọlẹ,all the women lined up
fọọn,squeeze
fọọnrọọn,empty
fọọnrọọn,colourless
fọntọn,mash
fọngbẹ,extract
snatch,snatch
fọrọgbẹ es şe ole,to snatch is not to steal
fọşalẹ,forewarn
frapan,frying pan
fuẹfuẹ,sly
fuludu,velvet cloth
imiyo mi fun rẹn,my maize plant has sprouted
ilọlimi fun  my house is leaking ,ilọlimi fun my house is leaking
fun-ara,instinct
fun-ibo,reveal
fun-ibo,disclose
fun-ibo,divulge
fun-nọ,open
eran tio fusi ni oko ee la,the popular or famous animal in the forest is not big
inoliren kajo fuunrun,the house was completely burnt
gagara,massacre
gagara,thorough searching
galagala,rough
galagala,disorganize
galagala,unco-ordinated
emaciate ,emaciate
o karu galato,he so emaciated
gamafon,gramophone
gangan,protrusion
ganganmati,howitzer
gara,to clear one throat
garara,straight forward
gedegede,never
gege,instant
gege,immediate
gelete,elevation
gere,decrease
gere,curtail
gere,minimize
geesimisi,christmas
gẹẹgẹnẹ,sludge particularly of banga soup
gẹẹrẹ,exact
gẹrẹrẹ,exact
firmly ,firmly
ẹsẹn ro ka soro gẹki ni alẹ,his legs were firmly on the ground
gẹlẹtu,swollen
cautious ,cautious
o ka şe urun ro dede gẹne- gẹne,he is cautious in all his doings
gradual ,gradual
kuoro gẹnẹn  dakun gẹnẹn,kneel and rise gradually
ude kọn biri omi gẹngẹn,the basin is full of water
giangian,brand new
gidi,grip
gidigidị,struggle
gidigbo,disoriented
gidijẹ,plenty
gidigba,stout
gidigba,tough
giri,syn of gere
girigiri,forceful
gin gbẹ,tell him her
ginmi,heat
ginmi,steam
ginmiginmi,heat
giogio,fresh
giogio,particularly in relation to memory
go,tall
gofinọ,governor
goo,clangour
ọkurọkan gooyin,one only
gologolo,loud and clear
utukpa ran gororo,the light was very bright
gosmete,goldsmith
ọşọfu ka şe gọfu,ọşọfu is elegant
gọlọ,majestic walk
e yi gọngọn mo fe,this particular one is what i need
gua,paddle
guajara,slender
brisk ,brisk
guaja-guaja a şe oku ẹru,the burial rites of a slave is done briskly
guarara,thin
me fẹ ekpikpomẹ  mo ka guaragbe,i with drew from the situation to avoid trouble
oşu işuşu burunkun o ka lẹghe gba şe guegue,evil deeds causes one to be frightened
guẹguẹ,eroding
guẹmu,yawn
guẹnrẹnguẹrẹn,particles
guẹnrẹnguẹrẹn,grain
guẹ,bath
guẹ,wash
guẹfẹn,cleanse
guẹfẹn,exonerate
guẹrẹẹnrẹẹn,particles
guọghọ,spacious
gugurugu,heap
gugurugu,massive
guiguọ,width
guişẹ,pray
guiyan,argue
gujẹ,dull
gujẹ,drenched
guo,destroy
guoghogho,depressed
guoko,labour
guowun,complain
guọ,pull
guọ,drag
guọfo,unnecessary extensive talk or discussion
guọgbẹ,shrinking
guọghọguọghọ,loose
guọghọguọghọ,slack
guọji,debilitate
guọlele,follow in masses
guọlọ,dig
guọmara,embrace
guọrọ,dehusk
aghan gun obite rẹn?,have they arrived
me-nemi guun,i can not climb
gungun,particular
ẹgbele ti ubo dọn ka şe guu,a sick bird would appear dull
ibaje,loss
ibaje,ruin
ibalọ,local maggie seasoning
ibangoro,bangle
ibara,porch
ibara,verander
ibarajẹ,corruption
ibelebu,an oval shaped paddle
ibede,short cut
ibẹdẹ-ọrukọ,initials of names
ibẹdere,flag
ibẹkẹ,angular stomatitis
immature,immature palm fruits
iratì uku ee kpa ì bẹn,if the immature palm fruit is not killed prematurely it will become full grown
ibẹlẹbẹlẹ,leaves mostly for wrapping food
ibirẹdi,bread
ibiẹdo,slave lineage
ibigila,trumpet
ibikadu,wickedness
ibiradi,narrow cannon
ibiribiri,fraud
ibişọli,pistol
ibo,secret
ibo,cover up
ibowunjẹ,blasphemy
ibọkpọ,mosquito net
ibọn,cudgel
ibu,sand
ibulara,pride
ibulara,arrogance
idada,arrow
idandan,exact
idale,across
idamegua,tithe
flagrant ,flagrant
ọma we da idaşe,he showed a flagrant disregard
josef nẹ ikotu idasẹ,joseph had coat of many colours
ide,crayfish
ide-imẹfun,crayfish
ide-şaghoro,lobster
ideghedeghe,suspension
ideni,shirk
ideni,to avoid doing work or duty
idẹn,maggot
idibi,seacrab or swimming crab
idibiẹ,crime
idinmisobo,urhobo quarters in okere
idisi,district commissioner
idoloki,flip over
idoloki,somersault
idọkita,doctor
idọlọ,money
ifawa,implication
ifere,mudskipper
ifeyẹ,tobacco
ifẹ,oracle
ifẹn,pandora box
ifẹnfẹn,hint
ifẹnfẹn,allusion
ifẹnniyẹn,dried cassava produce
ifẹrẹmu,type of fish
ifẹnrịfẹn,turmoil
ifi,eel
ifi,inedible fish
ifian,appraise
ifoto,pictures
ifoto,photographs
ifole,an island
ifoma,mistletoe
ifọghọ,foam
ifọn,rashes
ifọtẹ,faded material
ifuludu,velvet
ifun,intestine
igaganmati,howitzer
igangan,sea catfish
igan,special rope for climbing palm tree
igara,insults
igara,effrontery
igarafa,bottle
igbẹnẹgbẹnẹ,rheumatism
igẹn,spikes
igirikpa,rugged
igirikpa,stalwart
igo,savannah
igobẹ,guava fruit
igomẹ,yellow yam
igọmẹti,government
igun,thorns
igun,prickle
igunmu,slavery
igure,hamlet
igure,suburb
iguru,vultures
iiiwo,chant repetitive slogan
ijagodo,jerry can
ijagodo,tins
ije,week
ije,seven days ordinal number
ijemeji,fort night
ijẹ,fisherman
ijeguẹ,mini
ijẹ,small fry
ijẹ,baits
ijẹ,tiger
ijẹ,conclusion
ijẹ,the end
ijiga,tension
ijiga,struggle
ijighere,bicycle
ijighere-ẹ,tricycle
ijinringho,ear wax
ijilẹ,important
ijinẹ,a confessed witch
ijomugbẹ,gamble
ijojo,sympathy
ijorojoro,goddess associated with ogheye people
ijọnjẹ,oppression
ijubẹ,humour
ijubọghọ,curve
wo ma re ika eju ọkan,if you go into the world
ikali-okposo,middle age woman
ikamakodi,important dignitaries
ikana,gear for keeping fish alive
ikannakan,trophy
ikanran,track mark on cheek of saliva drool left overnight
ikara,bean cake ball
ikarasin,paraffin
ikarasin,kerosene
ikebe,buttocks
ikekeni,pneumonia
ikelu,deep part of a river
ikẹ,vegetative deposits on sea shores
ikẹ,a row of fish in a raphia stick
ikẹ,type of shirt for itsekiri men
ikẹ,individual
ikẹ,different
ikẹ,potash
ikẹ,potassium salt
ikẹ,sludge
ikẹ,sediment from processed palm oil
ikẹ,ass
ikigin,full stop
molar,molar teeth
ikinkin ẹ jidọ n mi,my molar tooth aches
ikinimi ọluwa kpin mi,iam disgusted by the rich man pride
ikimi,sacred plant
ikikinẹ,heel
ikirẹ,termite
ikirigba,rust from metal
ikiseri,fog
ikighimọ,a secluded place
ikighimọ,shelter or shade
ikoba,implication
ikobo,ailment
ikobo,sickness
ikọbiri,copper
ikojọ,rally
ikoki,hip
ikoko,cocoyam
ikole-aya,palpitation
ikole-aya,throbbing of the heart
ikolo,beetle larva
ikolo-şa,mattress
ikonuro,conference
ikoroba,bucket
ikoroghẹ,crown
ikoni-ọ,orthography
ikoşi,body built
ikoşi,stature
ikoto,patch
ikotu,coat
ikọkiba,mishap
ikọlọbi,head lock in wrestling
ikọrọ,undisclosed
ikọrọ,unknown
ikọrọ,secluded place
ikọtọ,swamp
ikọtọ,muddy
ikpenẹkun,rehearsal
ikpoyẹ,snack
ikpoyẹ,a mixture of tapioca
ikpoyẹ,cray fish and pepper special for ikperes
ikuakua,apparatus
ikuakua,paraphernalia
ikulakula,mucus
ikulete,waist coat
ikululu,flood
ikululu,erosion
ikumusi,a maid that accompany a new bride
ikun,waist
ikurusu,cannon
ila,tribal mark on the face
nikọ re şe ilaba inọ lirẹ?,what is the number of your house
ilakpalakpa,ringworm
ilakpalakpa,tinae spp
ilala,algae
ilalaja,pineapple
ilaju,facial marks
ilawuri,oars
ile,acquaintance
iledi,boy or girlfriend
ilekperi,love charm
ilele,feather
ilelejifour,wrapper
ilekete,elegant
ileme,lime
ilẹ,emptiness
ilosi,ailment
ilosi,unwell
ilosi,feverish condition
ilọli,house see inọ li
iluma,harbour
ima,thatches
imajala,flame of fire
imaşimi,machine
imẹ,table
imẹ,plantain pudding see cook book in itsekiri
imẹ,periwinkle
imẹ,hypocrisy
imẹ,charade
imẹ,front banner from fresh palm-frond
imẹ,hammer
imidaka,cassava
imiyo,corn
imiyo,maize
imo,cannon
imoju,oppression
imọ,nose
imọki,monkey
imọnọ,marriage term where drinks not well presented is taken freely
imu,grass
imughan-ayọn,comedy
imughan-odin,tragedy
imuke,acrostichum aureyn
imuke,mangrove fern
imụọnaghan,seminar
imure,graveyard
imurẹn,mosquito
imuşi,offering as in christianity
inn,yes with nod
in-in,no with shaking of the head
ina,in laws
inama,a juju associated with the bob i people
inaşi,manifesto
inẹnẹ,mother but usually grandmother
8ininijẹ,fraud
8ininijẹ,cheating
inọ,belly
inọ,stomach
inọbibi,anger
inọli,home
inọrọn,inside
inọsisan,pleasure
a ka gba inọ şişan mumẹ ,no one is happy with an empty stomach
inọtutun,calm
inọtutun,cool
inu,prawns
ẹ koro inpanama,straw hat
inparata,silver
ipasi,wrapper
ipẹ,nail
ipẹ,roofing nail
ipi,masquerade type usually fore runner to others
ipini,pin
iposi,pussy cat
iposi,ologbo
ipọni,pound sterlings
ira ee ka de oniye,time waits for no one
noun,people
irami,our people
irabọbọ,sometimes
anytime ,anytime
irakira ti o ma wẹ ,anytime you want
o ka riiran,he prophesied
iranjo,itinerant
irefun,yam
forever ,forever
ireghereghe ee gba ireghe gbẹ ,there is nothing that last forever
irẹ,sense
irẹ,human being
irẹ,everybody
irigho,skull
irigbo,a quarter in ode-itsekiri
irin,root plants
irinkin,molar
excuse ,excuse
wo ka da iro ju,you always give an excuse
irodida,excuse
irọ,abomination
irọ,composition
irọ,oral composition
irọ,written composition
irọ,cat fish
irọgbẹ,exchange
irọ,hair
irọ,beard
irọ,braid
irọ,eaves gutter
iru,native maggie prepared from locust bean
irunmu,weed
irunmu,grasses
isabaşi,passover
isabatu,shoe
isabolo,can a lily
isamagan,pan
isamagan,bowl
isan,ring
isangi,blood
isangue,peanut
isẹ,silk cloth
isẹ,beans
isẹ,cowpeas
isibe,yellow fever
isisẹ,leeches
isin-wẹ,hired labourer
iso,flat us
isoja,soldier
isongho,vengeance
isongho,revenge
isorogun,harp
stigma ,stigma
isosoki ti o soma ijẹ dẹ ,the stigma on the fisherman
isọkọ,hook up
isọşi,line hook for fishing
isun,grasses
isun,weeds
ọliisuru rejẹ ọba,the patient person rules
itaẹ gin,a road with three junctions
itaẹ,ancient stories or history
itariko,plank
itala,bark of wood used for coloring palm wine
itatasian,danger
itebetebe,water-lily
itere,a bird
itẹ,libation
a ka gba da itẹ n,s/he was mocked
iti,tea
itiẹ,calf
itighitighi,forest
ito,small like snail with shell
itọ,saliva
itọlọ,sandflies
itobele,tumbler
itolotolo,turkey
itomatosi,tomato
itoroni,contribution
itoroni,instalment
itoto,dew
itu,mushroom
iwan-na,explain
iwanran,response
iwaya,wire
iwe,leaves of all kinds
obi ọ liwẹ mẹ ẹ ta,the kola nut gives three pieces
iwe-fifẹn,the holy bible
iwe-ọra,solo no stem on spp
iwẹ,debt
iwẹ,falsehood
iwẹ,heresy
iweimọfọ,dictionary
iwẹ,tax
iwẹ,the itsekiri people
iwiki,wick for hurricane lamp or kerosene stove
iwọ,a spice
iwọ,african nutmeg
iwọdo,tenants on a land
iwọdo,strangers
iwọlọwọlọ,ripples
iwu,grey hair
iwuwu,feathers from birds
iyan,argument
iyanghanyanghan,tetraplura
iyanghanyanghan,a spice for itsekiri menu
iyankunyankun,rubbish
iyanyan,grumble
iyanyan,bemoan
iyanyan-gbọnrọngbọnrọn,altercation
iyanyin,here
iyanyin,this way
iyara,moat
iyari,the rib side of human body
iyawu,cotton wool
iyegede,abyss
iyejẹ,empathy
iyẹkun,the last of the masquerades
iyẹn,narrative
iyẹni,gradual
iyẹnrire,gospel
iyẹnrire,good news
iyẹşi,a type of dance
iyẹyẹ,demean
iyẹkpe,musical instrument from big bamboo
iyẹkpẹn,sand
iyin,concoction
iyo,an exclamation
iyọ,penis
iyo-olu,the king mother
iyo-ogunmẹ,mother drum
iyo-ogunmẹ,the biggest in a set of drums
iyọ,pledge
iyọ,pawn
iyọkọ,mother in law
iyọn,eye pur
iyọnkinyọn,unwavering
iyọnkinyọn,dogged
iyọọn mi eeju,my perseverance exceeds
iyo-oson,step mother
iyọyọ,strings
iyọyọ,drape
iyọnghọn,over there
iyọnghọn,yonder
iyọnyọn,pleasantry
iyọnyọn,fun
işan,the esan people of edo state
işa,genital infection especially caused by gonorrhea
işango,breakable jar
işanni,perfume
işegbasan,prosperous
işeghan,exhibition
işele,shilling as in british currency
işeleko,coincidence
işenọ,thrift less
işẹkiri,i were people
işẹ,blessings
işẹbale,beginning
işẹfa,key
işẹfọ,poetry
işẹfọ-kpe,oral poetry
işẹfọ-ya,written poetry
işẹkẹşẹkẹ,monetary affairs
işẹkoto,bonus
işẹkoto,bonanza
işẹkọ,lyric
işẹkọ-utẹbi,lullaby
işẹmẹji,a cloth measuring four by four yards
işaka,maraca
işẹkpa,jatropher
işẹkpa,plant
işighẹyẹn,palm nut fibres
işimì,singlet
işimì,vest
işipi,chief
işopẹ,fire brand
işọkọ,aerial roots of white mangrove
işu,yam
işukunẹ,ship
işunu,measurement standard
işuşu,faeces
işukpẹnrẹn,pen
ighan,these things
ighalaba,crooked
ighalagholo,scrap
igharaghara,thorn
igharaghara,thrash
ighanranma,sudden twist
ighanrighan,a bell like object that rattles
ighele,an elderly person both male and female
ighere,pepper spp black pepper and medicinal
ighereje,briton
igherejẹ,justicia spp spice for cooking
ighologholo,small bells
ighoro,pimples
ighoroata,a single seed of alligator pepper
ighọnrịn,riffraff
ighọnrịn,rubbish
ighọnrịn,worthless
ighọn,small insects
ighọn,fruit flies
ighọnmi,transfer of aggression
ighuruku,belligerent
ikpa,shrimps
ikpade,camp
ikpakpa,gun
ikpalema,preparation
ikpankpan,machine gun
ikpanrikpan,efiriocimum viride
ikparama,slowly
ikpangban,metal drums
ikpata,romance
ikpaya,hard wood
ikpaya,core part of red mangrove
ikpejẹ,family gathering for a meal
ikpemo,to wine together
an,an invited guest to a table
ikpẹnọjẹje gue ewọ meji,the invited guest washed both hands
ikpekpe,outboard engine
ikpenẹkun,rehearsal
ikpẹrikpe,undertone
ikpikpa,mashed yam puddy with palm oil for sacrificial purpose
ikpogho-omi,bubble
ikpọghọ,spew
ikpọghọ,disgorge
ikpogiri,melon
ikpọtọ,soft material used as a sealant
ikpurukpuru,cassava bulb
igba,seeds from mangrove tree
igbafilọ,parinari spp type of the spice
igbadudun,red mangrove tree
igbagba,pepper soup see cook book in itsekiri
igbanigbabẹ,very tiny type of snake not usually noticeable
igbanjo,auction
igbarigho,skull
igbari-origho,crown of the head
igbasa,wattle
igbawa-gbare,toss
igbe,beat
igbele,evil forest
igbele,graveyard
igbelele,marble
igbelegbele,trumpet or horn
igberе,prostitution
igberе-origho,malignancy of the head
igberaga,pompous
igberaga,pride
igbesọ,shells or light bombs
igbẹgin,bahama grass
igbẹn,mangrove oyster
igbẹn,barnacle
igbẹn,limpet
igbẹdi,crate specially for importing drinks of old
igbẹnẹ,misunderstanding
igbẹnẹ,squabble
igbẹni,storey building
igbimọ,dignitary
igbudugbudu,human thigh
mo wi nọ ja eji,i collecting rain water
aghan ma ja,do not fight
ja gbẹ,tear it up
verb,to steam up with local medicine for treating some ailments
jabara,squeeze
ọmẹ we jaga mi ju,this child troubles me a lot
jagajaga,shake
jaghajagha,minute
jaghajagha,tiny
jakan,harsh
o ka jama,he pounced on him
janijani,tattered
jatoli,safety
jare,please
jarun,babble
jaşi,trickle
ẹsẹn ro winọ jebere,the legs were shaking
o ka jekpe şi ẹgẹrifo mi,he remained at my gate
jere,benefit
jere,profit
jelele,lonely
mo biẹ we jẹ,i begged but you did not agree
wa da jẹ ọjẹ,let eat
o jẹẹ ọwa,he looks like the father
jẹbi,guilty
jẹbo,secretive
jẹdoya,fast
jẹmişi,give up the ghost
odo we jẹn,the river is deep
jẹre,free
jẹre,acquitted
jẹrun,eat food
jẹşi,end speech
ji,bestow
jiga ẹye ee ja ma ọkan,one can not say because of ups and downs of life
jigaljiga,move violently
jikijiki,idiot
jighijighi,confusion
jighiri,hefty
ọkuonkuọn ku o kpe jinghinrin-igbẹn,though dying ọkuọnkuọn is still gnawing
jijẹ,agree
jiji,haggard
jikijiki,insignificant person
jikọ,hefty
orusun we jina rẹn,the yam is well done
jinrin,endure
jinrin,persevere
jinghinrin,shake
jisọs,jesus
jisẹnji,revive
edenma we ka jiyan ju,the man argues a lot
jigbẹn,mumble
mo fẹ jo oko mi,i want to burn my farm
jọ,right
jọ,apt
ebirẹn ka jogun ju,women are too envious
joko,squat
jomgbẹn,gamble
joşẹri,testify
joya,haste
jọba,reign
jọfun,stutter
jọfun,stammer
mofẹ jọlọ aghan ni ara,i want to settle both of them
jọlọ ẹja we dia gba se ọjẹ,prepare the fish for cooking
jọnara,compatible
jọnghọn,bend
jọnghọnri,dismay
jọnjẹ,oppress
jọnjẹ,subdue 
jọlọjọlọ,loose
jọlọjọlọ,flaccid
ju,blow
ekeregbe we juan ju,this goat is too rascally
jubẹ,humorous
jubẹ,jovial
jubujubu,dull
jubujubu,dim
jungbẹ,confiscate
juya,suffer
juşi,left alone
me wa şe juwẹrẹ,i will not do it again
mofẹ ka imagoro,i want to pluck the mango
ole rẹn ka irẹye gidjẹ,the thief confessed many other people
a fẹ ka irẹye tio wi aja,there is a plan to count the number of people in the town
wo ka aşọghan rẹn?,have you removed the clothes
mo ro gin o nẹ urun ti o kabo wun eju,i think he has veil on his face
kaada,a response when one appellation or apuja is called
kaka,bong a fish
kakadan,a bird
mo fẹ kalẹ niubowe,i want to stay here
kan ẹkokoro,knock ones head
ọkua kan gbẹ umale,the lead drummer drummed for the masquerade
kani,remain
kani,stay
kanara,harsh
kanara,inconsiderate
kangbẹ,hold
kangbẹ,own
karaba,restless
karabakaraba,restlessness
katapot,catapult
karaki,clerk
mo wa kari ọrukọ ghan dede,i will list the names of all
urun ẹwọ mi kawọ,my personal possessions
quarrel,quarrel
ẹbirẹn meji wi nọ ke,two women quarrelling
kefele,undersized
overcrowded ,overcrowded
de mi ni inọlikẹkẹ mo gba wa,wait for me in the house until i return
mu uwanguẹ kekere ni ojẹ we,add small quantity of salt into the soup
ee nẹ ọnẹ ti o nemi kele omi,there is no one that can block the water
kelekele,meander
ọfọ kelegue a ka fọ gbẹ ọma,it is a brief word that is usually spoken to a child
kere,small
kerefele,undersized
flame ,flame
una we kẹ ju,the flame is too much
kẹbẹkẹbẹ,sway
kẹkẹjẹ,dwarf
kẹkun,knock
kẹkọ,confess
kẹnẹ-ara,to be cautious
kẹnkẹn-ẹju,askance
kẹnkẹn-ẹju,doubtful
kẹnkẹnrẹn eyi owun a gba kẹnmọ gbẹ ọma,aside this we use in cautioning our children
egbele mi kẹnkẹnrẹn,my hen clucks
ẹsete sisẹngua we ka kẹnkẹnrẹn,this beautiful plate has a crack
kẹnẹkẹnẹ,care
kẹnẹkẹnẹ,careful
individual ,individual
kẹnẹkun eghoro ro,individual to his own compound
kẹnmo,admonish
kẹnmo,warn
kẹnmo,caution
kẹnikẹn,but
kẹnrẹn,minimize
kẹrẹ-kẹrẹ,slow and steady
mo riẹmẹbirẹn kẹrẹbẹ rẹn ni ọla,i saw the medium sized lady yesterday
kẹnrẹnfo,
kẹnrẹnfo,as well
kẹsẹnkẹsẹn,coincidental
kesin,chant
ẹgbẹnren kẹtẹ,the wound is expanding
kẹnyinkẹnyin,firm
kẹnyinkẹnyin,solid
mo kin ẹ re,i greet you
mo kin ọkpa ekutele ni ,i have set the rat trap
oritsẹ kin uya gbẹ mi,god has offered a solution to my suffering
ọma we kin gidigbo,the child is too stunted
kịghi,protect
kịghi,fence
kịghi,shield
kikọn owun ogbe ka kọn,there is always fullness in ogbe
kikọn ọbọn,sound of the market
kin-ikale,bragging
kirimẹ,firmness
kirikişọ,erect
kitikiti,more so
kiokio,transparent
kioororo,watery
gba fifẹn we kinmẹrẹn,take the white instead
kin-agba,partial eclipse
ko,pack
ko-arakpara,mingle
kobo-kobo,dither
kokodiẹ,coconut
kokoro,scrape
arin wen jẹ kokoroko,he was rigid
kolokolo,fish
koloşa,mattress
kolu,co-operate
koma,associate
koma,put together
koomolo,narrow
koomolo,tap per
koroba,bucket
koroba,galvanized
korun,vigil
koto,patch
kotikoti,rugged
kokoti-kokoti,rugged
kokoti-kokoti,undulate
koşi,vomiting
kọ,crow
kọ,boast
kọọn,shout
kọọn-yinghẹnyinghẹn,great shout of multitude
kojẹ-komọ,merriment
kojẹ-komọ,enjoyment
kọkọfi,confiscate
kọkọ,reject
kọkọ,detest
kọkọ,refuse
kọkọşi,abandon
kọlọbi,bad feeling
kọmukọ şe  ka şe tie,he who goes first succeeds less
kọnyẹerere,tumultuous
kpiisi,encompass
kpeghere,only
kpeghere,şogholo
kpẹlu,black
ekeregbe we ku,the goat is dead
mofẹ kua kurı inọli we,i want to move from this house
ẹgualẹ tio kuan uwọ,the snake that harms you
ẹwu rẹn ka biri o jọ kuẹ,the shirt is her exact size
kuẹkuẹ,exact
kuẹkuẹ,superlative of kuẹ
kuẹşẹ,oblation where a married woman removes the kola nut and drinks from the ẹsete ọlọgọ
kufu,foolishness
wo fẹ bemi kukan origho,do you want to compete with me
kula-kula,slime
kulete,waist coat
kumẹrẹn,instead
me ma bate kun ẹran,ido not know how to slaughter animals
kuri-owo,obsolete
kuri,leave a place for another
kurieko,dislocate
kuri-ubodubo,peripatic
kuri-ubodubo,move from place to place
kuro,after
kurodẹ,apart from
kuroke,in addition
kuroke,secondly
kuoro,stand up
kuomamu,solitude
ẹṣete kurubu,small round plate
kurububu,oval
mo la omiọjẹ rẹn tan,i licked the whole soup
ẹdema rẹn la rẹn,the young man is grown up
ẹdema rẹn larẹn,the gentleman is now wealthy
una ka laa wun ara,the fire burnt his body
ma lala eju sin mi,do not open your eyes widely at me
lakpalakpa,ringworm
lakpalakpa,tinea spp
latan,lofty
le egbele we,chase chicken away
lee,pursue
leju,expect
leju,anticipate
ma lele mi o,do not follow me
verb,analyse
leleji,type of wrapper
lelemubuarun,cassio al at a
ọfọ rẹ lesin,stop your word
lelegbele,feather
legheleghe,elegant
lẹfun,eject
lẹfun,let out
lẹghẹ,deceive
lẹjẹlẹjẹ,weary
lẹjẹlẹjẹ,wither
lẹjẹlẹjẹ,fatigue
aşọ we lẹkẹ rẹn,the cloth is filthy
ọsa lila,ancient father grandfather
lira-lira,frequently
lo,use
lologi,slim
loma,cling
smooth ,smooth
smooth ,glossy
bẹẹ lokpolokpo,smooth slippery
lọ,grind
wa lọlimi ara,come and massage my body
mo fẹ luogunmẹ,i want to beat drum
luu,puncture
ludẹ,thorough fare
ludẹ,return
ludẹ,turn back
luma,tie up
luma,dock
lukulu,coccidiosis
lukulu,fowl disease
lukpa,eliminate
maa,mould
maati-mati,sticky
male,buildup
male,accretion
maaju,dawn
o ka şe mama ju,he is too timid
mana,sudden disappearance
nikọ re lẹghẹ uwọ gba şe manamana?,why are you restless
manumanu,cringe
ẹnẹ mara kpẹ rẹn,we ve known for a long period
maaru,five number
matata,potato
mawọ,sour
mawọ,pungent
maşe-maşe,eventually
makpamekun,ageratum caryzoides
mawun-ara,accustom
meefe,arrogant
meeje,seven
meeji,two
meju-kenju,face to face
meju-kenju,eyeball to eyeball
meeji,eighteen
meto-megha,count me out
mẹẹ,bleat
mẹẹ,moan
mẹ,cut
mẹẹgua,ten
mẹẹnẹ,one
mẹẹren,four
mẹmẹ,trimming
mẹmẹrẹn,act of trimming
mẹlẹmẹlẹ,mouth watering
mẹlisẹ,hypocrisy
mẹsan,nine
mẹyemẹye,faint
mẹyemẹye,obscure
mẹyingbẹ,abet
mẹyingbẹ,encourage
ee sinemi mi juwẹrẹ,he can not breath any more
mi-ekpe,torrents of abuse
mimi rẹ ba mi ẹẹru,your breathing pattern scares me
ẹja mimi,fresh fish
mighọn-mighọn,frail
egin we ee mighin ,the wood does not shake
mian,flash
miakun-ni,weep
miakun-ni,wail
mirẹn,others
isun mişọn-mişọn,luscious
uwan ti mo bofọ  ee rentin o kpe miti arun,he continued to grimace and ignored all my talking
moro,think
chink ,small narrow opening
şe arun molo,open mouth narrowly
aa jẹ ni ẹyin moyo,you do not eat beyond satisfaction
mọ,drink
mọọrọn,amorphous
mọmọ,suck
mu,sharp
muu,submerge
prepare,prepare
ẹnẹ muara gbẹ uja kẹnrẹn,we are prepared for the war as well
muarani,mourn
muarungun-arun,gossip
muẹko,affirm
muji,forgive
mumují,the act of forgiveness
mule,conspicuous
me nẹmi gba inọ-şişan mumẹ gbẹ ogie,i can not pay homage to the king with an empty stomach
muoloke,ina wedding
muoloke,proclaiming the bridegroom
muma,place near
mumu-abitọn,the act of confirming the bride in a wedding ceremony
muetinta,deaf ears
ọlọrọn wẹ ka şe murẹn-murẹn,the moon appears faintly
muse,abortive
musọnọ,throw away
muşi,vomit 
mugbẹ,abduct
me riogho na,i have no money to spend
mo na uwọ ogho wo ma bọghọ udangho rẹ,i promised you money if you pass your exams
mo biẹ biriemi na orusun we,please help haggle the price of the yam
demi ka na ni ọwurọwuro,i always stretch in the mornings
nami,promise me
nana-ara,rest
nana-ara,siesta
nana,stretch it
naşi,make a promise
able ,able
mo nemi şee,i can do it
ne-sin,who is it
nẹ,share
nẹ,divide
nikọ rẹ nẹẹ eke?,what the cause of the quarrel
nẹghẹn,sweet
nẹghẹn-nẹghẹn,sweetness
nẹmi,choose me
nẹnẹ,grandmother
nẹni,move on
ni ẹwu rẹ,put on clothes
wo nio!,you are strong
ra niigbẹ oliliro,report him to his master
nibara oritşẹ,for the sake of god
wa ka ni ẹju gbọ,please be bold
niẹyinẹrẹn,in addition to
nikọ,what is it
nina,pledge
nijẹ,chorused
nini,energy
ninijẹ,cheat
ninọrọn,inside
nonuwe,today
nọ alẹ di o fen,clean the floor
ekeregbe mi ti o nọ  mo ri rẹ,i have found my lost goat
jọlọ gba ibu nọ o,fill it with sand
emi nọ-kan şe rẹn,i did it alone
nubara,concerning
nudun,the chap is very stubborn
mo numua rẹn,i prepared already
ẹnẹ wa bara nuwẹrẹ,we shall meet there
oba,fallon
obe,pond
obete,confuse
obi,kolanut
obibi,snake
obibi,spitting cobra
obibiyẹyẹ,common
obite,river
obirẹn,female
obirẹn,wife
obirẹn-ẹghoro,women or wives of the same family
obu-utọn,river source
obirẹn-okpo,widow
obiti,incompatible
obobo,plantain ripe
obuẹ,rainy season
obugun,mate esp polygamous home
obugun-arekpeni,co-wives of a brother and a cousin
oda-iradede,goodbye
oda-iradede,we shall meet sometime
ode,outside
ode-egin,stump
itsekiriolu re şe ode-aja,ode-itsekiri is our headquarter
ode-ẹguari,judge
ode-ẹguari,president of the court
ode-ẹguari,arbitrator
odelemọ,murderer
odeli,gecko
odibo,errand boy
odibo,messenger
odibo-orişe,servant of god
odibo-ọyọyọ,five in ọyọyọ game
odidi,astonishment
odidi,a back
odidimẹdi,blindfold
odin,deaf and dumb
odindin,cork
odigbogho,after thought
odo,sea
ododo-origho,crown of the head
ododo,scarlet
odoghoro,palm front spear
odubi,last child in the family
odugba,final farewell esp to the dead
odugbẹyin,after
ofe,beetle
ofi,yaws
ofiẹsẹn,athlete foot
ofiotọ,giant rat
ofiege,tug of war
ofo,psettus sebae 
ofofo,type of pepper soup with okro added
ofu,air sack in fish
ogie,tile given to a king
ogie,origin from benin kingdom
ogiefuẹfuẹ,backbiter
ogodẹn,ungrateful
ogodẹnwoloko,superlative for ogodẹn
ogolo-oyibo,english pepper caosciums spp
ogugu,concoction
ogun,twenty
race ,race
wa da sa ogure,let us run a race
oguru,bush cow
ogunmẹ,drums generally
oje,lead
oji,storm accompanied with rain
oji-ghì,confusion
ojiji,shadow
ojiguẹ,ferry man
ojo,bleeding especially post-natal bleed
ojogun,warrior
ojogun,soldier
ojokun,eel
ojokun,inedible snake like fish of mugil spp
ojorumẹde,murderer
oju,younger form of masquerade dressed in fresh palm or plantain leaves
ojubu,a fool
solid,solid ground
solid,high ground
oke mo gun le,i am on high ground
arrogance ,arrogance
okele ọluwo kpin mi,i detest the arrogance of the rich
okelemọrọn,far beyond
high,high ground
high,hill
okiti mo gun le gba gho orun ti o owa,i stood on the hill to see what was coming
okiriji,millipede
okirlisi,cloth pad placed on head for carrying loads
okiriwọnwọn,grievous
oko,bush
okokoniko,catfish
okokoniko,auchenoglanis spp
okolobẹ,unknown destination
okolobẹ,far distance
okorikoko,land crab
okorobojo ee do ọkọ meji,okorobojo does not keep two husbands
okun,west
okun,seaside
oku ku a lẹ ee gbọ?,there is death and the earth is not aware
okundugbo,mirage
okun-ẹge,rope for drawing water from the well
okun-ẹghọ,hook line
okun-oko,vine
okuuru,squirrel
okungbẹ,a female belt
okungbalo,silverfish
okutukutu,owl
ole,thief
olelole,habitual thief
olele,disciples
olele,apostles
olele,followers
olili,master
olili,superior officer
olikpekpe,mass
ologbo,cats
ologbo,iposi
oloke,bridegroom
olokeji,rival
ololo,bottle
olori,king wife
olori,queen
olori-ogun,war captain
olori-ujo,lead dancer
olotu,regent
oloşo,witch or wizard
oloşọghọ,prostitute
olosowo,trader
olu,king
olu-ẹyoko,peacock
olukun,acquaintance
olukun,friend
olumoye,royalty
olugba ma kọ uwọ?,how often do i need to teach you
olu-urun,beyond imagination
olu-urun,surprise
omere,relative
omere,kith
omere,kin
omere-ifun,full sibling
omere-ọwaọnẹ,paternal relatives
omere-iyeọnẹ,maternal relatives
omi,water
omi-ajuren,acid
omiakun,tears
omi-ara,salt water
nọọ omieju kuri eju rẹ,wipe your tears
omimi,surge
ominigbo,an oracle
mo la omioje rẹn dede,i licked the whole soup
omilo,chrysobalanus spp pepper soup spice
omirẹn ma ba omirẹn jẹ,do not spoil one another
oniye,person
oniyekoniye,whosoever
oniyeoko,guerilla
onobiren,female
onobiren,woman
onokeji,companion
onomirẹn,other person
onomu,neighbour
onuwe,today
oo-we,a response when one appellation is called
opẹlẹ,escape
opẹlẹ,narrow
opilopilo,oesophagus
oputuru,abundance
oputuru,plentiful
ore,mother
ore-ọkọ,mother in law
orere ọna we sẹngua,the road way is beautiful
ori,a native balm
ori,lotion
oribiti,snake
ori-egin,balm
ori-egin,embrocation
orifi,atmosphere
orighi,tingle
origho,head
orire,donation
orire-ọfẹ,grace
oriri,edible fruit found in the forest
orişẹnẹburuwẹ,god almighty
orişẹ-ẹmififẹn,god the holy spirit
orişẹ-ọma,god the son
orişẹ-ọsa,god the father
orişẹ-ọlagbẹdẹ,god the creator or designer
orişẹ-udẹji,god the iam or jehovah
oro,gold
akun- orogho,crocodile tears
orogo,dog syn aşu ma nọ idi
oroko,nautical kilometer
oroli,roof truss
orubu,sea shore
orubu,beach
orudu,groin area in female
bitterleaf ,bitterleaf
mimi,dried
orun,night
orunrun-wọgua,with humility
oruru,pressure
orusun,yam all species
ose,titfor tat
oseebọghọ,narrow escape
sneeze ,sneeze
asin osin gba şekpe gbẹ ara ọnẹ,one can not sneeze and curse one self
osin-ẹri,gymnarchus niloticus trunk fish
osinsin,catarrh
osue,ichneumon insect
osun,a ring made of palm fronds
osun,cane or metal used ina game see book on games and sports in itsekiri
ote,a knife for tapping palm wine
otete,cricket
otete,insect
otikpekpe,stir
otiti,fame
oto,the seed that rests on others in eso ghighan game
otọ,land
otokun,poverty
otu,stakes esp for fishing
wrist ,wrist
ma da oturubọ obirẹn aya-ọlọkọ ni,don ever hold a married woman by the wrist
owe,idiom
owe,proverb
owo,sun
owu,cotton thread
owu-akpakpa,spider web
s,she or he
owun eşe,she or he did it
owun-aja,local dialect
owun-akpẹ,apologise
owunmumu,potash
owun-guiguo,grumbling
oye,throne
oye,exalted position
oyerun,abundance
oyerun,abound
oye-ọrọn,kingdom
oyeye,leprosy disease
oyẹmi,braggart
oyibo,white men
oyidẹde,overturn
oyin,bee
oyin,honey
oyinbu,sugar
oyinmi,stimulant
oşẹri,witness
oşẹri,proof
oşi,wretch
oşimere,african white lily
oşo,witchcraft
oşuşu,coiffure hairstyle
oşu meeji ee le ni ọrọn,no two moons appear in the sky
oşuşumama,insect
oghe,baboon
ogheghe,sponda mombin tree e g akikan alẹ tio ro
ogho,news
ogho,tale
oghogbin ni ibangi,plenty of money in the bank
oghorigho,cowrie
okpeghe,a bird
okpinju,instead
okpinju,in the alternative
okpo,poles
okpo-ọkuna,mast of a ship
okpo-li,roof mast
okposo,community goddess
okpokpọ,eagle
okpotu,god of irigbo people
okpoghoro,trouble maker
okpoghorokpo,lion
okpukpu,spring
okpukpu,oasis of water from the ground
ogbe,idiom
ogbe,adage
ogbe,proverb
ogbin,barrenness
ogbin,infertile
ogbin,mostly in animals
ogbo,old age
ogbori,neophyte
ogbori,novice
ogboro,straight
ogboro-ẹyin,the grooved central part of human back
ogboro-ọna,straight way
ogboro-ọna,road
ogboro-gẹn,mature palm tree
ọba,king
ọbadayi,long time ago
ọbajọ,no wonder
ọbara,insignificant person
ọbara,nonentity
ọbẹ,knife
ọbẹ-ẹyẹn,banga soup
ọbira,niger perch fish
ọbiroro,intelligence
ọbile,lead singer
ọbikako,jackknife
ọbiọkpẹ,palm wine tap per
ọbiurun,applicant
ọbiurun,beggar
ọbọ,turtle
ọbọn,market
ọbọde,procrastinate
ọda,paint
ọdede,usher
ọdẹ,hunter
ọdẹ,hunt
ọdẹkọ,advisor
ọdẹrẹ-alẹ,security guard
ọdọn ọkan,one year
ọdudu mi winọ lukpikpi,my heart is beating fast
ọdundẹ,parrot
ọfa,number
ọfarajẹ,resemblance
ọfẹ,gift
ọfiotọ,giant rat
ọfọ rẹ ye ju,you talk too much
ma gbẹgbẹ ọfọ tiẹnẹ biriorişe bu,do not forget god covenant
ọfọguna,amber of fire
ọfọ-ẹrẹnghẹn,abomination
ọfọ-ẹrẹnghẹn,blasphemy
ọfun,oesophagus
ọfunma,innocence 
a mu ọga bo wun eju,there is veil in his her eyes
ọgba,round cane in conical fishing basket
ọguẹji,canines
ọguẹji,set of front teeth
ọgiọrọ,iron chain
ẹsẹte ọgọ,oblong plate
ọgọ ọgọ re do otu,fishing poles are in lines
ọgọin,prominent
ọgọna,road
ọgọna,street
ọguaju,face
ọguaju,facial
ọguarikọ,kingfisher
ọjegbe,a time of need
ọje,food
ọje-alẹ,supper
ọjẹrẹn,that time
ọjẹrẹn,the other day
ọjijala,weekdays
ọjọ dele tiole,every day for the thief
ọjuşẹ ee ku ni ebi,a messenger can not go hungry
ọkan,one
ọkan-dẹn-ogun,nineteen
ọkẹ,white mangrove avicennia african a
ọkẹlẹ,sweet type of cassava
ọkẹlẹkẹlẹ,cormorant
ọkẹlẹkẹlẹ,an amphibious bird
ọkẹnrẹn,miser
ọkẹrẹn,fourth
ọkẹrin,singer
ọkọ,boat
ọkọ,canoe
ọkọ-abitọn,bridegroom
ọkobili,eaves
ọkọkan,one by one
ọkọmudu,the surplus seed inọyọyọ game
ọkọlọda,regatta boat
bulbul,bulbul bird
wo fọ şişi ọkọlọkọ,you talk like a bulbul
ọkọ-sisin,ex-husband
ọkọyibo,township
ọkọyibo,city
ọkuẹrin,chorister
ọkuọnẹ,teacher
ọkuọnkuọ,achenoglamis catfish
ọkuna,ship
ọkuma,nothing
ọkuma,none
ọkuma-ọkuma,none
ọkurọ,seed
ọkurọ,pellet
ọkurọ-ọkan,single
ọla,yesterday
ọlaga,chairman
ọlaga-kporo,president
ọlagbẹdẹ,artisan
ọlaghọ-eregbe,fair in complexion
ọlaguẹ,the creek that joins benin river with the escravos
ọlaja,king
ọlaja-oyibo,government
ọlajiwẹn,debtor
ọlara-ghan,themselves
ọlarami,myself
ọlararo,him
ọlararo,her
ọlararo,itself
ọlararẹ,yourself
ọlarẹnẹ,ourselves
ọlaşẹ,commissioner
ọlayẹ,benefactor
ọlẹ,laziness
ọlẹbi,guilt
ọlẹkọ,teacher
ọlẹşẹ,sinner
ọlẹgua,attractiveness
ọleghoro,an independent man head of a quarter
ọlẹgban,anonymous
ọlẹ-kpikpomẹ,trouble maker
ọlẹghan,prisoner
ọlẹwuji,gorilla
ọlẹrefan,uncircumcised person
ọlẹre,sinner
ọli-aghara,flamboyance
ọli-gheremẹ,maniac
ọli-gheremẹ,nuisance
ọligun,sea catfish bagrus bay ad
ọligun-oko,snake type
ọligbagbọ,christians
ọligbagbọ,believers
ọligbere,prostitute
ọlibikadu,a wicked person
ọlibulara,arrogant
ọlikiribo,clam
ọlikiribo,thaisis call if era
ọlikọnrọn,fruit bat
ọlikuku,dove or pigeon ọlikuku-aja
ọlikpara,periwinkle
ọlirẹ,sensible
ọlisọkọ,pilot of a canoe
ọlitekun,a liar
ọlinọjịjo,bigot
ọlinini,powerful person
ọlinini,authority
ọliyọyọ,ram
ọligbutu-gbu,sourchop
ọlode,lizard
ọlọfọ,talkertive
ọlogure,tiger
ọlogure,shark rhizoprionodon spp
ọloşowo,trader
ọloşowo,merchant
ọlọgban,wiseman
ọlọgbara,righteous man
ọlọkpa,a police man
ọlọkpa-omi,marine police
ọlọkunrọn,a sick person
ọlọrọn,moon
ọlọsa,full tide that overflows its bank
ọlọte,detectives
ọlọgua,leader
ọluda,sawfish oki pristis spp
ọlu-оgunmẹ,drummer
ọlutoro,god of the sea
ọlugba,period
ọlugba-keji,second time around
ọlugba-kẹẹta,third time around
ọlugbe,savour
ọlubomeji,mad
ọlubomeji,mentally unwell
ọlugbọfun,greedy
ọlugha,landlord
ọlugha,lady
ọlukpeọrọnfọ,believer
ọluranran,famous person
ọluşẹ,employer
ọluwa mi,my master
ọluli,landlord
ọma,child
ọma-utẹbi,child in the cradle
ọmatie-firinfirin,very little child
ọma-ekuẹwọ,child in the arms
ọma-ekuẹwọ,little child
ọmatie,a child
ọmatie-ajijẹn,child with soft cranium
ọmade,child
ọmaja,children who belong to a community paternally or maternally
ọmajaja,free citizens comprising the patricians and plebeians
ọmaju,eye ball
ọmakọbi,first born
ọmaọkpanran,senior son
ọmatitọn,newborn baby
ọmarun,potter
ọmẹbi,children of the same lineage either paternally or maternally
ọmẹbi-meji,children whose birth are of two different tribes
ọmedon,house maid
ọmẹkọ,apprentice
ọmẹmẹriko,detective
ọmẹmẹriko,spy
ọmẹmọ,drunkard
ọmẹn,boundary
ọmẹrẹn,servant
ọmẹsi,lawyer
ọmẹtie,children
ọmiwe,professor
ọmojo,young snakes
ọmodẹ,cat
ọmodudẹ,parrot see alabara
ọmọşọn,adolescent
ọma-ugwe,swimmer
ọmuada,sword bearer
ọmuajọ,steward at the right hand during ancestral worship
ọmu-ẹkpe,bag bearer for hunters
ọmuro,professor
ọmuro,genius
ọna,road
ọnaragha,idler
ọnaragha,extravagant
ọnariri,far distance
ọnariri,a far
ọnarẹ,elder
ọnarẹ-aja-dede,most senior village or town head
ọnarẹ-aja,senior person in village or town
ọnarẹ-uli,head in immediate family
ọnarẹ-ẹbi,head in extended family
ọnẹ,crocodile see agbakara
ọnẹda,creator
ọnẹ-eguere-mi,having blood associate relations
ọnẹkporo,a rich man
ọnẹ-ọghọ,guest of honour
ọnẹ-ọghọ,distinguished
ọnode,outsider
ọnoye,erudition
ọnọkẹnrẹn,male
ọnugbe,savour
ọnumalẹ,juju priest
ọpuẹpuẹ,sting ray dasytatis spp
ọra,shoal
ọnẹ tio ma kpa ọtọn mi gbe ọran,he who beats my child incurs wrath
a ma ọran ma ma ukpe,he knows all but fails to know a particular one
ọrẹn,eighty
ọrọ,abyss
ọrọn,heaven
ọrọn,world beyond
ọrọn,death
diwo wa bi ọrọbibọ,you will have your baby safely
ọrọnfọ,truth
ọrọnrọn-ubi,noble family
ọrọn-gbigbọ,someone that heed to good advice
ọru,hundred
ọrukọ rẹsẹ?,what is your name
ọsa,father
ọsa-bibi,ebb of a tide
ọsa-kpankpan,swift flowing of tide
ọsa-ọkọ,father in law
ọsan wọ li,i am prosperous
ọsaan,idols
ọsaan,gods
ọsaan,deities
ọsẹn,rearing
ọsẹn,worship
ọsen-agutan,shepherd
ọsẹn-ẹran,shepherd
ọsẹn-orişẹ,christian
ọsẹn-umalẹ,unbelievers
ọsẹn-umalẹ,those worshipping idols
ọsọ,flesh
ọsọ,ọsọ ẹran
ọsọ,fresh meat from animals
ọsọn,daytime
ọsọn,day light
ọsọn-dadan,broad day
ọsọn-malẹ,towards evening
ọsu-ẹmọ,wine waiter
ọsuna,amber of fire
ọta,seller
ọtara,self aggrandizement
ọtẹ,spy
ọtẹtẹ,vegetable of amaranthus spp
ọtinọtinọ,whip
afika da ọtọn,the eagle flew to the right
ọtọn,ọtọn prefix as in son or child of
ọtọn olu,son of the olu
ọtọn-wun-ọsọn,step son or daughter
ọtọn-ẹru,slave descendant
ọtọn-ẹsi,colt
mo wa reni ọtọnla,i will go a day after tomorrow
ọtọn-mi,my son
ọtọn-uşa,small pot
ọtọn-ọgunmẹ,small drum
ọtọn-olu,royal descendant
ọtọn-ọlaja,prince or princess
ọtọn-egbele,chicken
ọwa,father
ọwa-ọsọn,step father
ọwẹ,the name used for younger sister in laws
ọwẹ,husband younger sister
ọwẹlẹ,argument
ọwẹlẹ,quarrel
ọwere,butter fish
ọwọn,measles
ọwurọwurọ,early morning
ọwurọ-kutukutu,crack of dawn
ọya,castrate
ọyẹ kpami,i am cold
ọyẹghẹ,cloth tied
ọyẹghẹ,exposing the groin area
ọyẹnyẹn,job comforter
ọyọ,happiness
ọyọ,joy
ọyọyọ,cutlass
ọyọyọ,knife without handle
ọyọọ,type of game
ọyurodẹ,convert
ọşẹ,soap
ọşẹn,male tortoise
ọşẹrẹ,bachelor
ọşẹrẹ-ekeregbe,male kid or male nanny kid for female
ọşigbere,prostitute
ọşika,evil doer
ọşingo,sisal hemp
ọşowo,trader
ọşogua,firstly
ọşogua,beginning
ọghaẹmo,cup bearer
ọghan,wave
ọghanran,enemy
ọghẹnrẹn,precious
ọghẹnghẹn,ice
ọghọ,honour
ọghọ,respect
ọghọn,yonder
multitude ,multitude
ọghọrighọ ajana,crowd flock
ọkpa,trap
ọkpa-ekutele,rattrap
ọkpanran,priest
ọkpaghoro,marine catfish arius spp
ọkpẹ,gratitude
ọkpẹja,fisherman
ọkpọ,namesake
ọkpọghọrọ,indian bamboo
ọkpọkunma,none
peer ,peer
me riọgba mi,i do not see my peer
ọgbali,sweeper
ọgban,thirty
ọgban-le-ọru,hundred and thirty
ọgbaara,justice
ọgbaregin,cudgel
ọgbaghoro,fish polypterus senegalus
ọgbẹn,farmer
ọgbẹrubiba,coward
ọgbiwẹn-ọrigho,tax collector
ọgbọdọ,sword
ọgbọfọfọ,spokesman
ọgbọgba,equal
ọgbọn,native trumpet
ọgbọnrọn,musical instrument
ọgbọriọ,glutton
ọgbọriọ,gourmand
ọgbubi,midwife
ejika da ni mi origho patapata,the rain poured on me ceaselessly
patara,salt less
patara,without taste
patara,tasteless
o fẹn perepere ọnẹ orişẹ bawọ,he who is with god is pure
pẹlẹ,exchange of words
pẹtiẹn,complete demolition
ujo rẹn ee yọn  o ka şe pẹtu,the dance was not interesting but unattractive
pilopilo,thirsty for food
pilopilo,whet ones appetite
pini,patch
pipi,squeeze
pipi,compress
pitiyan,diminutive
o ka dẹn potopoto,very yellow or red
pọtọpọtọ,soft and tender
pọọnda,powder
pọtimato,portmanteau
pọsipọsi,abundant
ra puru ọjẹ we ke,go and cook the epuru food
puru aşọ ghan lẹfun,pack the clothes outside
mo fẹ ra ọsa,buy me an orange
ma biri emi fọ ọfọ raara,do not speak nonsense with me
ma ragha ogho rẹ,do not waste your money
ragha ẹsete gbẹ mi,rinse the plate for me
mo biẹ ran utukpa,please light up the lamp
mo ran wun uşẹ,i sent him on an errand
ranju,skulk
ranran ikaka we gbẹ mi,roast the bong a for me
rankpan,unkempt
re,go
regima,conspiracy
rentin me gbọ,please listen to me
ọkpa rẹn rese,the trap failed to catch
rẹ meejẹ,saw it in two piece
ma rẹ aṣọ mi,do not wet my cloth
rẹghẹ,dissolve
rẹghẹ,melt
rẹjẹ,smooth
rẹni,move on
rẹnji,gnash
rẹrẹ-eju,eye catching
mo riaşọ mi to nọ rẹn rẹn,i found my clothes that was missing
ri-ara,detest
ri-ara,dislike intensely
righi,tickle
ọbẹ we mu rian rian,high pitched or a very sharp voice
rieju,prophesy
ọkọ rin ni odo,the boat capsized in the sea
wo rin ju,you laugh too much
riọna,prophesy
riọna,foretell
riọna,predict the future
rire,good
rire,safe
nikọ wo ro sin?,what are you thinking
ro aşọ rẹ,put on your clothes
orugbo ka roju,bitter leaf is very bitter
ambivalent ,ambivalent
ogho ta gba ra run ro wun eju,he has ambivalent attitude towards spending his money
mo fẹ di omi we rogun di me si kpan,i want the water to settle before i draw it
aghan o mẹtie jẹ ẹyẹ rogun,children allow peace reign
romeji-meji,doubt
iwe roro,reading is difficult
rose,false
rosin,plot against
rosin,suspect
rowun,belongs to him her
di a ka rọọ omatie di e si mọ akamu,the child is always compelled to take pap
rọ,read
rọrọ,to slowly push down
rọbi,woman in labour
rọbi,parturition
rọgbẹ,exchange
ru,open
rudurudu,disorder
rueju,frown
ma run urun timo ya we,do not wipe what i have written
e rubo şe uwọ,why not you
ẹbe ruku omi we dedẹ,the shine nose has stirred up the whole water
mo sa aşọ ni orunrun,i have put out my clothes in the sun to dry
a wa di a sa ogure,come let us run
ma saba ẹsẹn obirẹn ayọlọkọ,do not step across the legs of a married woman
sabaşi,passover
sagbayagba,firebrigade type of movement
sagure,race
sambolo,can a indica
sambolo,canailly
san ẹbọ,tie the bag
san iwẹn mi,pay me what you owe me
oloşowo we sanju o,that trader was too strict
ekpe tiwo şi sannọ,revoke the curse
inọ ro sanmi sanmi,i hate him
sanọrọn-neju,audacity
sayogun,type of dance from oma-abala
sayogun,orugbo
se ọjẹ,cook the food
gho bo te sebu şişi one ti ẹmọ kpa,see him stumbling like he is drunk
se-ekpomọ,be careful
se-idẹn,humiliate
wada sere utẹn,let us pick some cherry
sẹ,deny
sẹn,serve
sẹn,worship
sẹnbọ,sacrifice
sẹngua,beautiful
sẹnji,awake from sleep
sẹnji-gbelele,wake up suddenly from sleep
sigidi,an innovative dance
sigọọ,reluctant
sigọsigọ,reluctantly
respond ,respond
wo ka siin ọfọ ju,you responded too much
ubo dede ka şe siiri,everywhere was calm
wa di emi sin ẹ,let me accompany you
noun,how much was the interest
muster,muster energy
ẹnẹ ka sinarakin gba biri aghan ja,we mustered our energy to fight them
sisẹngua,attractive
simi,withdraw
sisin,length
mo gba fiinipọni o ka sikan,he was thrilledwhen i hailed him iponi
sisan mi wi ọgua,my progress will come
so,tie
sogure,run
soku,suicide
soro,stand
sorogidigba,steadfast
sokpa,shun
sọ,throw
sọlọ ejọ,to pick one teeth
sọọ,impale ṣọp akasi
probe ,probe
iratia sọghọlọ wun arun ee wa je fọ,unless he properly probed he won say anything
sọegbekẹ,shrug
sọkun,cry
sọkun,weep
sọle,drag
sọle,push upwards
sọrigho,nod
sọşi,draw or push downwards
sọni,grip
sọmbọyi,shop boy
roast,roast
mo fẹ sọọn imiyo,i want to roast corn
sọn,cry
su,hue
suẹro,boast
sudoloki,somersault
sunma,ponder
sunma,meditate
suomulomu,meddlesome
suọwẹlẹ,quarrel
sun,sleep
ekpo suun ni ololo,the oil is congealed in the bottle
sugba,confine
sugba,engulf
sungbaro,meditate
sting,sting
ẹyo ta mi ni oko,the tailor-ant stung me
verb,sell
wo ta usin?,do you sell starch
verb,hush
ta! kpabu arun,keep quiet
verb,flick
wo ta şişi ide,flick like a lobster or crayfish
tabi,isn it
o tafu wun ẹwọ,it slipped off his hand
tabu,soak
tadin,prevent
tadin,blockage interrupt
taghala,scatter
taghan,theirs
talẹbalẹwa,origin
talẹbalẹwa,beginning
tama,stick
tan,finish
tanigọọfu,telephone
tapelepele,restive
tara,pride
tarabaya,panicky
tarunbọ,scream
tarunbọ,alarm
tarunbọ,clamour
tatasian,surprise beyond expectation
tebetebe,waterlily
tẹbọ,preserve
teghere,isolate
teghere,conspicuously displayed
temi,mine
teri,because
tete,make haste
tẹ,step on
tẹẹ,fade
tẹbitẹ,everlasting
tẹghẹlẹ,tickle
tẹmalẹ,crush
tẹmalẹ,trample
tẹnẹ,ours
tẹrẹ,yours
tẹrẹn,until
tẹriba,adore
tẹtẹ,trudge
ma gba mi tẹghọ,do not use me as a decoy
tijẹn,decoy
tijoro,scissors
tin,push
bet,bet
wa da tin ẹle,let us place a bet
tiin,dirty
small ,small
urun tie,small thing
tikpekpe,instigate
tietie,bits
mo biẹ wo ka tigbin mi,please remind me
mе sitigbi,i cannot remember
tighitighi,bush ticket
tin-etinnomi,unconcerned
tikẹnrẹn-araro,him her very self
tinmali,imprisonment
titin,dirty
tisimi,disgusted
titọn,new
tireni,tray
tinọ,pull away
tinmi-ẹyin,assist
me wa nеmi to ubo rẹ,i can not reach your place
e mi ma to okun we o wa sin ni,when i join the rope it will be longer
o to rẹn,it is enough
tobele,tumbler
tobele,glass
tolo,slight touch
tolomeju,peep glance
tolotolo,turkey
toni,add
toni,aggravate
tonitoni,piecemeal
toro,his
toro,her
toroni,contribute
tooro,narrow
torosi,trust credit system
di o ka se urun ro dede tototo,he does his things assiduously
toyìn-toyin,dropping in trickles
tọ,lasting
tọbu,sound of an object dropped into water
tọlọ alẹ jẹ,pick things from the ground
tọọn,straight road or line
tọrutọ,detail
tu,naked
tu,
tuedọn,persevere
tubutubu,hopping and dancing like a bird
tufie,spitting like act in response to an unfavourable remarks
tuku-tuye,do or die
ẹnẹ guo ilọliaghan tughutughu,we destroyed their houses completely
omi we tun o,the water is cold
ekeregbe ren tun şialẹ,the goat is on the ground lifeless
mo fẹ mo omi tutun,i want to drink cold water
uuu! jẹdi agbọrọn,hooting someone to be quiet
uba,camp
uba,hamlet
ubaguẹ,lavatory particularly for female
ubara,concerning
ubara,about
ubeje,pilot fish
ubẹ,prayers
ubẹlẹ arun ma bọghọ kuro e ju sere,harsh words spoken can not be recalled
ubẹru,fear
ubẹru,fright
ubi,evil
ubirọ,question
ubo,place
ubodiọn,ill health
ubodiọn,sickness
ubodubo,secretely
ubogun,kitchen
ubogun,fire place
ubokubo,everywhere
ubo-ọgua,apron
ubowe,this place
ubowe,here
ubuara,four yards of sewn wrapper for women
ubugbẹ,shovel
ubudọn,animal
ubuşẹ-ẹsi,judiciary
uda,cutlass
udalọ,sword like plant that is medicinal
uku udamudi,he died in an accident
udaju,impertinence or insult
udangho,temptation
udarani,democracy
udayibo,cutlass
ude ololo we şe?,where is the cover to the bottle
udele,hammer headed shark
udero,meeting
udẹ,basin
udẹfi,across
udẹji,god
udẹji,creator
udẹmi,leave
udẹmi,off duty
udẹn,oil from kernel used as body cream
udẹ,local government
udimudi,bundle
udimudi,whole
udin,hawk
udin-ẹyẹn,palm bunch
udo,position
udoli,household utensils
udo-ẹye,status in life
udo-ẹye,style of living
udo-ọghọ,humility
udọnju,envy
udo-roli,wellbeing
ududa,shuttle for weaving fishing nets
udumunẹ,hustle
udumunẹ,struggle
udun,heart
uduro,stand
ufan jijẹ,to take bribe
ufan we ee te ku,the circumcision is not healed
ufaghọ,act of shedding skin esp snake
olu-egin re ufẹ,the oluegin tree has shed its leaves
ufẹkẹ,pumpkin
ufo,tree
ufọsin,protest
ugala,congregation
ugala,gathering
ugan,clitoris
ugangan,spear with multiple points
uge,festivity
uge-isabaşi,passover
ugo,a type of precious bead
ugogo,anus
ugomugo,ostrich
ugọ,cardinal points
ugua,travel
mo ma uguẹ,i can swim
uguara,weary
uguẹfẹn,purification
ugunọjẹjẹ,fork
ugunrọ,neck
ugunrọ,as in body part
ugurunjẹ,pestle
ugunyan,wooden mortar
uguọkọ,paddle
uja,fight
uja-ere,wrestle
ujo rẹn yọn gidigbo,the dance was very entertaining
ujọ nikọ wo gha sin?,which group or society do you belong
ujo-roli,wind up
ujọ-ọsa,pulling against tide
ujọnghọnri,grief
kpo oko kpa-uju,wondering in wilderness
uju-afẹrẹ,fan
ujubọghọ,curve
ujubọghọ,bend
ujuya,incense
uka,numerals
ukamuka,interfering
ukalẹ,habitation
ukan,cane
ukarighọ,head count
ukarighọ,census
ukanrigho,competition
ukawa,decorated calabash for display during a dance
uke,bangle
ukere,to twist an opponent leg during fight
ukiki-ẹsẹn,step
jẹ diọkpa we wi ukin tie,let the trap be in the slightest degree or unit
ukiri,curtain
ukighi,shield
uko,cup
ukoko,lump
ukokolu,container for keeping caught fresh fishes
ukolu,kitchen
ukolu-ọba,palace kitchen
ukolusin,a standard measure of starch
ukọnju,askance
ẹdẹma we re se ukọ timo nẹ ni ubo uşẹ mi ,the man is a cog in the wheel of my progress at work
a nẹ ukọ ra kpe itetsọma,a messenger was sent to itetsọma
ukọ-umalẹ,juju priest
ukọbu,comma
ukọbu,a punctuation mark
ukọbu,
ukọli,willow pine
ukọmukọ,first
ukọ-orisẹ,prophet of god
ukọnrọnju,stare e g ukọnrọnju egbele ee kpa ẹwo
ukọnju,pity
ukọnju,sympathy
ukonju,squint
ukpe,calling
uku,death
ukuekun,mysterious death
ukuẹkẹ,display of wealth at last burial rites
ukuẹki,someone cast with a spell
ukuẹmi,rest
ukuẹmi,peace
ukuẹyin,last
ukuẹyin,lastly
ukuẹyanni,brassier
ukujẹrẹ,spoon
ukukọn,date palm
ukukọn-ọbẹ,knife handle
ukukọn-ọbẹ,hilt
ukukọn-udayibo,cutlass handle
ukukumegin,stump
ukukurọ,scrupine
ukumusi,skivvy
ukun,friendship
ukuọka,corn puddy
ukuọni,deacon
ukuọni,deputy to a jujupriests
ukutẹ,full stop
ulajẹ,a tribe from on do state bounding the itsekiris
ulaju,facial or tribal mark
uleghe,elegance
ulejẹ,ritual charger
ulẹ,enlarged testicle
ulẹghẹ,deceit
ulẹsun,head tie
uli,house
uli-ayọn,hotel
uli-ẹkọ,school
uli-ẹgho,cinema
uli-usẹn,church
uli-usẹn,temple
uli-usẹn,synagogue
uli-obi,kolanut pod
uli-ọfọ,sentence
uli-ogho,bank
uli-ogho,treasury
uli-ero,house of assembly
uli-itọ,bladder
uli-osinsin,anthill
uli-ọgbọdọ,scabbard
ulodo,canopy
ulọ,grinding stone
curse ,curse
ulọriee kpa udi,curse will not kill hark
ulu,dance
ulu-arẹn,grinding stone
ulu-ẹgharẹ,a peculiar dance for elders
ulu-iromi,dance for ancestor worship
ulu-umalẹokun,dance type to worship the sea god
ulu-ẹwo,ecstatic type of dance
secret ,secret
urun ti a şe ni uma,what is done secretly
umalẹ,juju
umalẹ,masquerade
umalẹ-okun,sea god
umama,praying ma tr is
umefe,show off
umẹrẹn,melodious as in the lyrics obobo yi ni ekpo umẹrẹn yin i umẹrẹn
umọ,aquatic worm that destroy woods
umọfọ,dictionary
ujinrinowun umọta gba nemi wọkọ inoa?,it was with patience the snail got into noah ark
umuaya,belt
umumọ,brain
una,fire
unẹ,election
upukoro,medium sized pan
uranran,fame
aya mi ka ri uranmuran niejorun,my wife was talking while she was still asleep
ure,a blessing
urẹn,iron
uro,thought
uro,idea
uro-ẹran,disregard
uro-ẹran,disrespect
uro-ẹran,contempt
urogho,multitude
uroko,a place of fire in a canoe
uromeji,doubt
urọ,read
urọ,reading
urọ-lẹfun,oral reading
urọ-şinọ,silent reading
urọn,ill health
urọn,ailment
uru,tail
uruba,a coned shaped fishing gear
uruẹkun,commissioning
urun,article
urun-agbẹdẹ,instrument
urun-dede,all things
urun-ẹsi,contraband
urunkurun tio wa lemi sin ee gha,nothing can stop me
mo wa şe urunkurin de emi gba re,i will do anything to go
urunaresan,snakes
uruntiofiọnẹara,rheumatism
usa,grave
use,menstruation
usẹn,worship
usẹlẹ,town founded by or its em one
usi,popularity
usi,fame
usiẹn,christmas bush
usiẹboro-aja,congregation
usiẹboro-aja,multitude
usiẹguari-aja,congregation
usin,response
usin,reply
usin-amẹ,sign
uso,rope
usoodẹ,clothing for menial house work
usoro,stand
dionẹ usọ ti o ka suẹ?,is there any unseen forces pushing you
usọlọ-ẹji,tooth pick
usọlọ-ẹtin,ear-bug
utaẹsẹn,foot unit of length of twelve inches
utaju,pique
utara,passionate
ma gbe utan rẹ lemi,do not lay limb on me
noun,extended family
utasun,tripod stand pot
utawo,length of outstretched hand from thumb to middle finger and usually estimated as twelve inches see utaẹsẹn
utaşere,playful
ere aghan we  wa kuri utaşere gba wọ utagbe,your play has progressed to become more serious
utẹ,towel
utẹ,cradle
utiẹn,cherry
utigbin,remembrance
utiẹyin,assistance
utin-mali,detention
utọgua,forehead
utọn,creek
utọn-molo,narrow creek
utọrutọ,nitty-gritty
utukpa,lamp
ututa,onion
uwa,wealth
uwa,opulence
uwan,tongue
uwandọn,period preceding christmas
uwan-egbele,oldeniandia spp plant
uwan-guẹ,common salt
uwanran,reply
uwẹngin,to fabricate stories or tale
uwẹrẹ,there
uwonko,period of time
uwonko,how much more or less
uwọ,you
uwonron,angelic
uya,suffer
uya,suffering
uyajijẹ,persecution
uya-irọn,comb
uya-sẹ,stride
uya-sẹ,accelerate
uya-sin,petition
uye,salvation
uyere,pit
uyere,gutter
uyere-gede,abyss
uyiri,praise
uyọ-ẹyẹn,sieve or filter
uşa,clay pot
uşe,character
uşegin,axe
mo re ubo uşẹ,iam going to work
uşẹrẹ,sunbird
uşi,dye
uşobirẹn,water yam
uşukpẹnrẹn,pen
uşuşẹ,hoe
uşuşu-biri-itọ,snakes general
ugha,premises
ugha,compound
wo wa ri ughe,you will see wonders
ughegbe,mirror
ughegbe-eju,spectacles
ughemughe,faraway
ughemughe,distant
ẹnẹ wa de ọlaja ni ughere aja,we shall wait for the olu at the community entrance
ugho,hole
ughogho,gourd
ughogho,calabash
ughọ,navel
ughọ,human body
ughọnrun,by product from raffia for weaving mats
ughugha,plane for smoothening wood
ughumeni,rhaphostatis beneisis spices for menu
wofẹ biri emi kpa ukpa ọkan,you want to act as me
noun,ancient
ukpaja,early morning between
ukpali,parcel
ukpamaku,zinc
ukpamaku,metal plates
ukpanju,caution
ukpanju,warning
ukpanrun,lips
ukpari,six yards of sewn cloth
ukpasun,soup laden
ukpaşan,whip
ukperi wi origho ọghanran,the curse is on our enemies
ukpe-ọfọ,phonetics
ukpe-jọ,congress
ukpe-ọrọnfọ,belief
ukpete,bush cane cost us
ukpẹ,cotton lint
ukpẹ,kitchen rack
ukpẹ,mantel
ukpẹ,soul
ukpẹ,gecko
ukpẹ,heftiness
ukpẹ,pillow
ukpiti,bundle
ukpo,bed
ukpokiti,mountain
ukpokiti,hill
ukpona,fan
ukpokporu,pebbles
ukpokporu,stones
ukpọdu,a fish chest for storing or preserving dry fish
ukpọọmajẹ,metal chest for storing valuable
ukpọnma,piece of cloth for supporting a backed baby
ukpukpẹ,war dance
ukpukpọrọn,stone
ukpukpọrọn,stoney
ukpukpọrọn,heavy
ugba,circle
ugbafẹrẹ,electric fan
ugbagidije,several times
ugbajọ,gathering
ugbajọ,organisation
ugbakeji,second time
ugbakeji,twice
ugbakẹ,once
ugbakẹta,third time
ugbakẹta,thrice
public ,public
otẹ araro ni ugbamugba,he disgraced himself publicly
ugban-ẹkoro,brush
ugban-nọ,whale fish
ugbarajọ,congregation
ugbere,sports field
ugbesin,confrontation
ugbẹ,forgetfulness
ugbẹjọ,judgement
ugbẹ,long joggers used by masquerades
ugbẹyin,afterwards
ugbẹyin,after thought
ugbẹwọ,arm
ugbo,farm land
ugbọgbọ-ebebe,the magnified ebebe
ugbogbori,comb of a cock
ugbonmi,bowl for bailing water
ugbọdugbọdu,bryophyllum spp
ugbọfun,throat
ugbogbo,rod
ugbọkan,once
ugbaọkaaru,fifth time
ugbakẹ,tenth time
ugbueju,audacity
ugbueju,boldness
ugbugba,seine net or drag or draw net
ugburẹ,parcel
iwe ro ka şe vẹ kẹ ,it has a broad leaf
wo ma lude wo wa ri odo vẹ eyin,when you burst out you will see an expanse of sea
ọwurọwurọ vuan gege ẹ nẹ wa ti no,we shall take off early in the morning
nikọ wo gba mi vuanvuan?,why are you panting
vuẹn,sound from chatter of a monkey
terrificspeed ,restlessness in human
wa ni ubowe,come here
wain,wine
wan ekeregbe rẹn ni origho,hit the goat on its head
wan uko ẹrọso ọkan gba mi,give me a cup measure of rice
ẹsẹn mi wana,i have dislocated my leg
wana kuri ara,separate them
wanawana,bright
wanawana,shine
wanawana,sparkling
waranti,warrant
wave a ka şe,this is how it is done
we aşọ ghan mara,wrap the clothes together
egbẹn we ka şe weleke,the wound is wide open
wemara,furl
wemara,fold up
mo biẹ wewe ọnọ gbẹ mi,please show me the way
o ka şe mi ilẹ wẹ n,it was like a flash in my eyes
ọfọ ro wẹ wẹ ngin rẹn,it is a fabricated story
mo biẹ wẹẹn mi ogho,ilend him money
ọ gbọ itsekiri wẹ lẹwẹlẹ,he understands itsekiri perfectly well
flash ,flash
o ka şe mi eju wẹ n,it was like a flash in my eyes
ọfọ ro we iwẹ ngin rẹn,it is a fabricated story
wiliwili,swimming like a fish
winọrọn,in heaven above
winọghọn,moan
wiyanyan,well
ẹkpeti ye wo o,the box is heavy
wolo ẹkun we,break the door
ẹ gbẹ n we ka riwoloko,the wound is huge
wonọ,spread
wowo,publicise
wowo,advertise
wọ,enter
wọli,get in the house
wọlọwọlọ,ripples
wọnwọn,perfect infest
jẹ di omi rẹn ka şe wọrọwọrọ?,let it be a tepid water
iratiode ọbẹ ọnẹ ee nọ a ma gin o wọrun,it is when we lost our old used knife we realize its importance
jọlọ wu gbọ,shout louder
wu-titan-titan,scream
wutuwutu,robust
ubo tiwuwu ee gha,where there is no love
wuwu ma kpin ọtọn egbele,when the shout is too much for the chicken
wukpe,call upon
ya şi,write it down
se ọjẹ we to ya,cook the food quickly
nikọ re si gbe ẹ gba şe yabayaba we?,why are you panicking
we ne mi yagada ni ọkọ meeji,you can not spread your legs wide open over two boats
wide ,wide
ẹgbẹn rẹn ka şe yaghala,the sore is very wide
yaghala-yaghala,disarray
di ọma ka yan ẹyan iyo,a child sucks the mother breast
wo ka biri emi yan ẹja we,please assist me in drying the fish
garbage ,garbage
eju ee ri yankunyankun,the eyes does not see garbage
inọliẹmẹbirẹn we ka şe yanwunyanwun,that woman house is filthy
yanyan-eju,dangle
we ka yara to!,you are not smart enough
a ma to ubo iponi di o ka yarale ni oniye,iponi is very hospitable
yasẹn,stride
yaya,spread
yaya,squander
yaya,disperse
ọnẹ tio ma kpa tioritşẹ ọrọnfọ  wa ye,those who believe in god shall be saved
igariwe ye ju,the gari is too much
noun,understand
ti wo gin we ye mi,i understand what you are saying
wo yẹ ẹnẹ,well suitable
mo ka yẹẹ ukpokporu,i avoided the stone
ọfọ rẹ we ka şe mi yedegha,iam confused at your statements
yeghe,incise
datu yere ẹrin we,repeat the song
an,an exclamation of a surprise
ubo dede ka kọn yerere ti ẹnẹ gba gbọgua,everybody shouted for joy to hear of our victory
o yẹle di a re,it is proper we attend
yẹlẹyẹlẹ,common
yẹmẹtẹ,immobile
egbele mi yẹn ẹghẹn,my hen laid an egg
ẹguale rẹn ku yẹnghẹnyẹnghẹn,the snake was dead and lifeless
mo ka yẹrẹ şi ẹyin ẹkun,i hid behind the door
biri mo yẹsẹn gege  uja ka kpe,immediately i left there was a fight
yẹwuyẹwu,puff-up like cotton wool
yẹwuyẹwu,fuzzy
ma gba mi şiyẹyẹ,turn twist roll
yibẹlẹkẹbẹlẹkẹ,meander
yidẹ,turn back reverse
yidẹde,turn upside
yidẹde,capsize
yíguo,to throw oneself on the bed
yin,uproot
yinyin,the act of angling
a gba mu ọşẹ gbẹ ee yinmi,when he was given a blow he never quivered or moved
wo ka yinyẹn mi gba ubo dede,you narrated my story every where
yiri,praise
yist,yeast
yiwe,write
favour ,favour
ayẹ ee yo mi,kindness does not favour me
yoboyobo,panic stricken
yogholo,gaunt
yọ,pull out
slippery ,slippery
alẹ we yọọ,the ground is slippery
uge ghan dede we  mo yọju,i was not present in all the ceremonies
ọdẹ ma lẹfun di ebirẹn yọle,women always welcome the ọdẹ
ọlogho ẹbirẹn yọle,women flock at wealthy men
yọlokpolokpo,superlative for smooth
ujo ren yọn,the dance was interesting
quiet,quiet walk
quiet,sneek
a gba dẹbi gbẹ o ka rẹn yọghọrọ gba re,after blaming him he walked quietly away
yunivasti,university
yurodẹ,turn
yurodẹ,convert zz
zanyọn,zion
şa,trim
strew ,strew
o ka şaka ara ro dede,she strewed him with her teeth
şakaşaka,coarse
şalẹ,come down
şan,bend
şaninọ,show mercy
şannọ,fling
şanma,amble
me wa şe wẹrẹ juwẹrẹ,i will not do it next time
şebinọ,angry
şebinọ,annoyed
şẹbọrọbọrọ,be careful
şejẹ ke,that is alright
şeleko re şe ẹja uruba,it is by chance the uruba catches fish
şekpe,swear
şewasere,finality
şebalẹ,inception
şẹ,break
şẹde,secretive
şẹju,blink
şẹku,crash
şẹku,accidental
şẹkpẹn,crash
şẹkpẹnkpẹn,brittle
şẹşẹ,flies
mo fẹ şiiron,i want to dye my hair
şiale,walk down
şiale,come down
straggle,straggle
oka gba ẹsẹn şibe,he straggled
şibu,fall
şibu,fallen
şibọghọ,balance
şibọghọ,reminant
şidakun,genuflect 
şikalẹ,sit
şikọ,obstruct
şikọşikọ,intermittent obstruction or jerking
şikuọni,melancholia
lay,lay on top
egin ma şile egin,when one tree falls on another tree
şilẹ,futile
şiliwọ,rape
şimo,turn up one nose in mockery
ma jẹ di a şin ọkọ gbẹ ni ẹwọ rẹ,do not allow them snatch your husband
şinọ,open up
ukpo şişan,bare bed
şişi,alike
şişi,similar
şinşin,bedbug
mẹ ta şiwẹn,no credit facility
şobite,defecate
şobite,pass faeces
şobite,kputẹ
şode,to menstruate
şomi,move into water
ọkpọkurọkan şogholo,only one
şọ,poke
şọ ọn idale,look at the other side
şọ,vigilant
şọnmi,look at me
şọrọ ẹgin,split the wood
şu,defecate
şubi-şure,atrocious
inọ ro kage şuugen,he has a protuberant belly
şuşẹ,tool for craft
mo şuşu ọna rẹn,i have missed my way
şuşu-bobo,astray
şuşubitọ,snakes particularly young gh gh
şuşubitọ,is the second diagraph when ts is in use gh is pronounced h-e like kn- knife
şuşubitọ,ph philosophy
gha egin we di o sẹngua,smooth en the wood beautifully
gha ọjẹ we ni ẹwo tietie,share the soup into smaller pots
ulẹsun emẹbirẹn we ka le gba se ghagha,the lady head tie is tough and stiff
ẹsẹn ro ka şe ghalaba-ghalaba,he has bent legs
ghalaghala,disorganise
catch,catch
kẹkẹ ọmatie rẹn gba şibu to ale mo ka ghan gbẹ,i caught the child before he fell to the ground
wo ma şekpe  wo ka ghanran mi kuri nọ,i must be exempted from your curse
ghara,stay out
gharaghara,tough and coarse
biriọj ghawe,presently as it is now
ghele,you just look at it
gheleghele,actually
tinkle ,tinkle
etinmi kaşe ghere,my ear tinkled
ghereghere,active
ghereghere,sharp
ghereghere,get excited
ejuro ka şe ghereke,he has a squint
irọn baba ka fẹẹn ghẹghẹ,the papa hair is white
ghẹghẹ le ubo ọkan,do not handle itcarelessly
ghẹnrẹnghẹnrẹn,sparkling
ghẹrẹ-ghẹrẹ,gradual
ghigho,old
gho,look
gho,see
e ghogho şe,it was not done wilfully
ra niẹja tia ghoro bọghọ,buy from the fish being peddled
ghọ,bend
mo ghọn obiriki mi,i weaved my fishing net
o tun ghọnghọn,it is very cold
ghọnghọnrọn,grumble
ghọnghọnrọn,murmur
kpa,kill
orukọ,delete his her name
a kpaa umalẹ-okun dia gba ri urunjejẹ,the sea god was appeased for provision
kpabu arun,close up your mouth
kpa-ẹbobo,astonish
kpa-ẹbobo,amaze
lacerate,lacerate
aa rikpala gbẹ ni ẹsẹn akaraba,nothing to lacerate from the legs of hammer headed stock
kpakakpaka,coarse
kpalekpale,habitual
kpalekpale,constant
kpalekpale,incessant
kpan omi niuşa,fetch water into the pot
jọlọ kpan ọmawe,back up the child
kpanran,abort
kpanran,abortion
kpanran,miscarriage
kparan-eju sin,to warn someone reprimand
iwe ilemẹ we kpaşi,the lime leaves drooped
kpaşolo,trim
kpatako,bony
kpakpayẹkẹ,ducks
kpakpadedekpakpadede,hide and seek
kpasiri,silence
kpasiri,serene
kpawọ,intrude
kpawọ,butt in
ra kpee gbẹ mi,go and call him for me
kpeju gba uboro,take his place instead
kpejutoma,every day
kpejutoma,daily occurrence
kpejule,entice with the eye
kpemo,straw
kpeniọjẹjẹ,an invitee to the table
kpenọrọnfọ,faith
kperegede,suddenly
kperegede,abrupt
kpere,only see şogholo
orişe wa kpese gb regbẹ rẹ,god will reward you
kperekete,dawn
kpetekpete,loud and clear
kpegbẹ,atrophy
kpegbẹ,shrink
kpegbẹ,shrivel see sọgbẹ
kpe-ọyọn,abscess
wo kpẹ ni eyin,you delayed
ma gba uşa mi kpẹdede,do not use my clay pot doing balancing on your head
ọbẹ we kaşe kpẹki,the knife is blunt
kpẹlẹkpẹlẹ,slowly
kpẹlẹkpẹlẹ,step by step
kpẹn ọjẹ we,share the food
eja kpẹnkpẹn,crisp fish
kpẹnkpẹnrẹn,delicate
kpẹnrun,unkempt
kpẹnrẹnkpẹnrẹn,sprouting grass
ilọlikpẹtẹ?,a bungalow
kpẹtẹsi,storey building
kpẹtẹkpẹtẹ,self controlled
kpẹtẹkpẹtẹ,relax
kpẹtẹkpẹtẹ,calm
kpẹtẹkpẹtẹ,meek
kpiara,get up
ẹdọn mi luu kpikpi,my heart throbs
urẹn kpin mi,iam tired of walking
uli ro kpinma temi,his house is close to mine
geesimisi kpinmalẹ,christmas is approaching
kpira,often emphasis laid when one says kpira a wira
kpirakpira,recurrent
kpirakpira,all the time
kpirigidi,suddenly
kpirigidi,instantly
kpitekun,lie
kpitekun,lying
kpişa,braided hair
kpiti,twist
kpiti,entwine
kpitikpiti,disorder
kpo isẹmẹti biri ibu tẹnrẹn  di we simu omi ni,mix the cement and the sand first before adding water
ọfọ we kpo mi,i find it difficult to understand your word
ọfọ ro dede kpobokpobo won ka şe,his words are unstable
kpogẹn,solitary
kpogẹn,singular
kpoghoro,alone
kpokpo ẹye ee jamọ kan,the stress of life has not helped matters
wo kpokpo ara rẹ ju,you worry too much
kpooyin,mute
kpooyin,dead
kpooyin,silence
baba kporo,big basin
a je da kpoto ọfọ we tẹnrẹn,firstly let us discuss the issues
kpowe,allude
kpowe,insinuate
kpọdọn,yearly
kpọdọn,every year
kpokpokpo nesin e wuli?,kpokpo who is home
kpọọjọ,alternate days
kpọru,sullen
kpọru,sad
kpọru,weary
kpọtọkpọtọ,tender
kpuarere,silence
kpukpa,compete
kpukpu ibu kuri ararẹ,shake off the dust from your body
kpuru,disc
gba,take
robust ,robust
o ka şe gbada,she is robust
eju gbada,stern looking eyes
gbadatulu,in addition
gbadatulu,secondly
gbafẹrẹ,to relax
gbafẹrẹ,especially in a reclining position
gbamima-şearema,pretext
gbagbaragba,expansive
gbagọọ,clamour
gbajọ,collectively
gbalaja,broad
gbalaja,expanse
gbalaja,wide
terrific wonderful ,terrific
terrific wonderful ,wonderful
urun gbalogbalo,terrific things
gbagbako,face-to-face
gban,stricken with fear
gbanara,compatible
abrasive ,abrasive
wo ka şe gbangban,blow shake willow
ọsa we ka dọn gbangban,the orange had a sharp or sour taste
gbakpan,bald
gbaani,sharpen
gbannọ,wave off
purify,purify
wo ka gbanra tẹnrẹn di we w li,purify yourself before entering the house
gbanwangbanre,swing
gbanyan,hustle
gbara-realẹ,humble
gbanyin,stout and elegant
gbawagbare,tale bearing
chorusing,chorusing
aghan gbe ẹrin we,join in the chorus
gbe ọma we re,carry the child
orişe re gbe e,god came to rescue him or her
ma ra ẹja to gbe,do not buy rotten fish
gbee a şe oku oniyoko,this is the final burial of the gorilla
a ka gbeda ni uja-ere,he was defeated in the wrestling
gbe-ẹ,succeed
gbe-ẹ,to raise hands up
gbegbere,lean on
gbegberegbesigbe,forever and ever
gbeghegbeghe,feebleness
weighdown ,weighdown
ilosigbejọṇ,the fever weighed him down
gbejule,expect
gbejule,rely on
gbejuma,all night
wo ka gbele ọwarẹ,you should care for your father
mo biẹ wa gbele mi,please assist me with the load
ikoki mi jio yẹẹ a gbeeni,my dislocated hip was fixed up
gbelẹsi,contravene
gberaga,exaltation
gbesin,attack
gbesin,criticize
gbesin,counter
gbewun-abiuwan,stratagem
gbẹ,dry
gbẹdọn,boastful
forget,forget
mo gbẹgbe,i forgot
gbẹji,fulfilled
gbẹjọ,judge
gbẹkẹ,satisfied
mindful ,mindful
emi ma gin ma gbẹle  urun wa bajẹ,if i am mindful of his deeds things would go wrong
gbẹn,plant
gbẹn,sow
mo gbẹnmi ekutele,i smell a rat
gbẹnẹmi,excuse me
o şibu gbi,it fell down gbi
ikurusu ka winọ fọ gbidi,the cannon sounds gbidi
gbidigbidi,muddy
gbigbin,groan
ọmi gbigbọ,hot water
gbi gbin ro ee je mi sun,his groaning disturbed my sleep
gbo,bark
gbo,barking
gbo-eju,audacity
gbofia,wandering aimlessly
mo wa gbogbowe,i will be back in a jiffy
gbolo,writhe
mo gboro ẹ sẹ n mi,i rubbed my legs
mo gbọ ọfọ rẹ ,i hear you
gbọdudu,very hot
gbọ,luke warm
o ka susun gbọ dọ ,he lied flat
gbọ,perceive
emi re gbọ gua ni udangho,i took first position
gbọ,long
gbọ,hear
gbọ,tough
gbọ,acute
ọ jẹ gbọ nrọ n,the soup is boiling
we gbọ nrọ n?,do you hear me
gbọ,sacrifice
gbọ,homage
gbu-ara,hard working
gbu-ara,diligent
gbu-ara,assiduous
gbudia,shut up
gbuẹju,bold
gbukpo,accession
gbusiẹ,adamant
gbusiẹ,mute
gbugbuda,speechless
ọjuşẹ,monday
ọjuşẹ,tuesday
ọjuşẹ,wednesday
ọjuşẹ,thursday
ọjijala-isoja,friday
ọjijala-tie,saturday
ọjijala-kporo,sunday ọnọrọn tiowi ọdọn
uwan-ọdọn,january
ọnọrọn-eji,february
ọnọrọn-ẹta,march
ọnọrọn-eren,april
ọnọrọn-aru,may
ọnọrọn-ẹ,june
ọnọrọn-eje,july
ọnọrọn-ẹjọ,august
ọnọrọn-ẹ,september
ọnọrọn-egua,october
ọnọrọn-ogbo,november
ọnọrọn-ọdọn,december uka
ọkẹẹrẹn,fourth
ọkaaru,fifth
ọkẹfa,sixth
ọkẹẹjọ,eight
ọkẹẹsan,ninth
ọkanlẹẹgua,eleventh
ejile-ẹgua,twelfth
ẹtale-ẹgua,thirteenth
ẹrẹn-leẹgua,fourteenth
aru-leẹgua,fifteenth
ẹfa-leẹgua,sixteenth
eje-leẹgua,seventeenth
ẹjọ-leẹgua,eighteenth
ẹsan-le-ẹ-gua,nineteenth
ogun,twentieth
ọsa,father
ọsakporo,grandfather
ọsalila,great grandfather
ẹgharẹ,great great grandfather
ẹgharẹ-kporo,g g g grandfather
ẹgharẹ-lila,g g g g grandfather
ẹgharẹ-ikaanghori,g g g g g g grandfather
ẹgharẹ-ẹkoghori,g g g g g g g grandfather
ẹgharẹ-ijile,g g g g g g g grandfather
ẹgharẹ-ìşẹbalẹ,g g g g g g g g grandfather ebi-ore
ore,mother
ore-kporo,grandmother
ore-lila,great grandmother
ogbokposo,g g grandmother
agbẹdẹ-owun-aja,literature
aruliọfọ,clause
ejuli-ọfọ,phrase
ọşere,actor
ẹrin-oku,funeral dirge
ẹgburọfọ,syllable
ẹkori,paragraph
ọnọruko,noun
ọjoruko,pronoun
aşuli-ọfọ,verb
agha-şuli-ọfọ,adverb
aghannọ-ruko,adjective
ugha,preposition
ọgọfọ,object
ẹkpedeọfọ,subject
amiuwanli,plan
amiuwẹnri,map
amiewe-uro,design
ukọbuori,apostrophe
ejikigin,colon
ilesin,semi colon
ẹsẹn-uli,street number
urọ-ọne,signature
urọ-oye,oral comprehension
uya-oye,written comprehension
jọn,type
ya,sign
aşikigin,first degree
ọma,dot
ọwewe,article
ukutẹ-oşẹri,certificate
kpe-abidi,spell
ẹsẹn,verse usẹn
jisọs,jesus
kraist,christ
amọyọsi,holy ghost spirit
uguẹfẹn,sanctification
ẹgede,cave
egin-figi,fig tree
vani,vine
ugba-vani,vineyard
ọkpadidẹn,hell
ọlupkiọrọnfọ,believer
uli-usẹn,temple
aredẹbo,unlimited
ọmurẹn,pilgrim
umurẹn,pilgrimage
bowunjẹ,blasphem
aşekinuya,miracle
ọmẹrẹn-ẹşu,demon
ọmẹrẹn-ẹşu,principalities
ọgbomi,baptist
gbomi,baptize
lusifa,lucifer
imurẹnwọ,crusade
ugbiẹmi,revival
umọna,programme/contents
origho,chapter
ọgbiyẹnrẹn,evangelist
ọkpusẹn,pastor
ọnọgusẹn,apostle
ẹgharẹ-usẹn,elder
olorị-ọkpanran,high priest
ọjẹ-ọluwa,holy communion
ujọ-agbẹdudẹrini,political party
ujọ,party
abejuto,caretaker
ọşẹ-ẹşi,legislator
ọdero,executive
ọgbuliẹwuşẹ,contractor
aşejuẹghoro,councilor
ọlaşẹ,commissioner
ulierolila,national assembly
ọriunẹ,aspirant
ụriẹri,business
ẹghoro-aşẹ,headquarter
ukalẹ-aşẹ,capital city
uwowolọ,campaign
ọwowolọ,campaigner
odiaga,acting
imuloghan,budget
şunẹ,vote
ọşunẹ,voter
ọmẹsi,lawyer
ọkpiẹjọ,plaintiff
ọşidibiẹ,criminal
ọnirosin,suspect
ọgbabojọ,organizer
ọyiwe-ogho,financial secretary
imuẹghando,foundation stone
ọlọgua,flag bearer
ọlokpuşẹ,prison warder
ọgbẹjo,magistrate
oloriọgbẹjọ,president customary court
olori-odiẹguari,chief judge
ẹgari-ukutẹ,supreme court
ẹguari-ụşe-aja,customary court
olori-ọgbẹjọ,chief magistrate
ode-ẹguarị,judge
ẹguari-lila,high court ọfo urun omirẹn bọbọ
ugbo,port ship
ugbo,plane
ugbo-ọkalẹ,garage
ugbo-ọkalẹ,car park
iguagun,wharf
ikpalẹma,closing ceremony
abẹtẹ-uşẹ,office
abẹtẹ-ero,conference room hall
igirigi,wardrobe
işu-alikpakpa,brick
ọgbiyẹ,reporter
usiomiya,kettle
onikululu,gulley
igbuwanlẹ,survey
ọgbuwanlẹ,surveyor
ugiẹji,toothbrush
ọruiyẹ,broadcaster
ọfẹ,editor
ọlori-ọfẹ,chief editor
uwowo,announcement
umọ,identity card
imaşini-ọgbaghiwe,photocopying machine
ọroya,calculator
ọluşoye,computer
uliufẹmaa,laboratory
uge-igbawọ,convocation ceremony
ọguọnurẹn,train
ọkalẹibu,tipper
ọkalẹ-ẹrun,lorry
ọkalẹ-gbọọrọ,trailer
ọkalowo,commercial car
ọgbọkunamọ,pilot
ọjọlọ-ọkale,car mechanic
uge-imuowoghan,trade fair
uja-ọşẹ,boxing
ọja-ọşẹ,boxer
ọlọkpa-ọkalẹ,trafficwarder
akpatẹ,ceiling board
ọjogunibo,guerilla warfare
okpo,antenna mast
ayo-ukere,barb wire
ọlọkpa-uguọna,road marshal
ọjogun-omi,navy
ọjogunkpoẹre,airforce
ọkpuna,fire brigade
ọguọkọ-alẹ,driver
ọbejutọkurọn,nurse
ọşọnbo,inspect inspector
ọgbinegin,carpenter
ẹrede,balcony
utialẹ,rug
isọnarun,snacks
usọnjẹ,fertilizer
ẹkpetin-ẹgboro,speaker box
ọşẹrẹ,adolescent
aji-owun,tape
aji-owun,recorder
ẹkpetin-alawari,radio
ukpali-ẹgho,video tape
ukpali-owun,audio tape cassette
we nemi wa gba gbẹ ẹja ni adagba mi,you can not take fish from my adagba
abọnẹje ee san to ọnẹ,a backbiter is never better off
